location,date,vaccine,source_url,total_vaccinations,people_vaccinated,people_fully_vaccinated,total_boosters
Austria,2021-01-08,Pfizer/BioNTech,https://www.ecdc.europa.eu/en/publications-data/data-covid-19-vaccination-eu-eea,31790,31772,3,0
Austria,2021-01-15,"Moderna, Pfizer/BioNTech",https://www.ecdc.europa.eu/en/publications-data/data-covid-19-vaccination-eu-eea,117665,117207,413,0
Austria,2021-01-22,"Moderna, Pfizer/BioNTech",https://www.ecdc.europa.eu/en/publications-data/data-covid-19-vaccination-eu-eea,216189,210927,5078,0
Austria,2021-01-29,"Moderna, Pfizer/BioNTech",https://www.ecdc.europa.eu/en/publications-data/data-covid-19-vaccination-eu-eea,265704,242645,22730,2
Austria,2021-02-05,"Moderna, Pfizer/BioNTech",https://www.ecdc.europa.eu/en/publications-data/data-covid-19-vaccination-eu-eea,364418,261361,102623,22
Austria,2021-02-12,"Moderna, Oxford/AstraZeneca, Pfizer/BioNTech",https://www.ecdc.europa.eu/en/publications-data/data-covid-19-vaccination-eu-eea,482438,290286,191427,42
Austria,2021-02-19,"Moderna, Oxford/AstraZeneca, Pfizer/BioNTech",https://www.ecdc.europa.eu/en/publications-data/data-covid-19-vaccination-eu-eea,586391,354057,231289,50
Austria,2021-02-26,"Moderna, Oxford/AstraZeneca, Pfizer/BioNTech",https://www.ecdc.europa.eu/en/publications-data/data-covid-19-vaccination-eu-eea,715245,461280,252766,60
Austria,2021-03-05,"Moderna, Oxford/AstraZeneca, Pfizer/BioNTech",https://www.ecdc.europa.eu/en/publications-data/data-covid-19-vaccination-eu-eea,885732,616346,267987,67
Austria,2021-03-12,"Moderna, Oxford/AstraZeneca, Pfizer/BioNTech",https://www.ecdc.europa.eu/en/publications-data/data-covid-19-vaccination-eu-eea,1146023,845268,299008,79
Austria,2021-03-19,"Johnson&Johnson, Moderna, Oxford/AstraZeneca, Pfizer/BioNTech",https://www.ecdc.europa.eu/en/publications-data/data-covid-19-vaccination-eu-eea,1386146,1037036,347186,89
Austria,2021-03-26,"Johnson&Johnson, Moderna, Oxford/AstraZeneca, Pfizer/BioNTech",https://www.ecdc.europa.eu/en/publications-data/data-covid-19-vaccination-eu-eea,1636696,1193500,441072,98
Austria,2021-04-02,"Johnson&Johnson, Moderna, Oxford/AstraZeneca, Pfizer/BioNTech",https://www.ecdc.europa.eu/en/publications-data/data-covid-19-vaccination-eu-eea,1863002,1337870,522752,108
Austria,2021-04-09,"Johnson&Johnson, Moderna, Oxford/AstraZeneca, Pfizer/BioNTech",https://www.ecdc.europa.eu/en/publications-data/data-covid-19-vaccination-eu-eea,2219599,1555064,661789,155
Austria,2021-04-16,"Johnson&Johnson, Moderna, Oxford/AstraZeneca, Pfizer/BioNTech",https://www.ecdc.europa.eu/en/publications-data/data-covid-19-vaccination-eu-eea,2597215,1833700,760467,175
Austria,2021-04-23,"Johnson&Johnson, Moderna, Oxford/AstraZeneca, Pfizer/BioNTech",https://www.ecdc.europa.eu/en/publications-data/data-covid-19-vaccination-eu-eea,2952324,2127931,821048,202
Austria,2021-04-30,"Johnson&Johnson, Moderna, Oxford/AstraZeneca, Pfizer/BioNTech",https://www.ecdc.europa.eu/en/publications-data/data-covid-19-vaccination-eu-eea,3313413,2419044,890789,232
Austria,2021-05-07,"Johnson&Johnson, Moderna, Oxford/AstraZeneca, Pfizer/BioNTech",https://www.ecdc.europa.eu/en/publications-data/data-covid-19-vaccination-eu-eea,3769595,2756010,1015822,275
Austria,2021-05-14,"Johnson&Johnson, Moderna, Oxford/AstraZeneca, Pfizer/BioNTech",https://www.ecdc.europa.eu/en/publications-data/data-covid-19-vaccination-eu-eea,4198562,3078478,1129222,327
Austria,2021-05-21,"Johnson&Johnson, Moderna, Oxford/AstraZeneca, Pfizer/BioNTech",https://www.ecdc.europa.eu/en/publications-data/data-covid-19-vaccination-eu-eea,4745351,3443295,1323411,395
Austria,2021-05-28,"Johnson&Johnson, Moderna, Oxford/AstraZeneca, Pfizer/BioNTech",https://www.ecdc.europa.eu/en/publications-data/data-covid-19-vaccination-eu-eea,5239573,3701057,1572100,479
Austria,2021-06-04,"Johnson&Johnson, Moderna, Oxford/AstraZeneca, Pfizer/BioNTech",https://www.ecdc.europa.eu/en/publications-data/data-covid-19-vaccination-eu-eea,5824871,4013690,1865647,585
Austria,2021-06-11,"Johnson&Johnson, Moderna, Oxford/AstraZeneca, Pfizer/BioNTech",https://www.ecdc.europa.eu/en/publications-data/data-covid-19-vaccination-eu-eea,6463485,4311598,2228669,735
Austria,2021-06-18,"Johnson&Johnson, Moderna, Oxford/AstraZeneca, Pfizer/BioNTech",https://www.ecdc.europa.eu/en/publications-data/data-covid-19-vaccination-eu-eea,7062963,4567831,2587058,914
Austria,2021-06-25,"Johnson&Johnson, Moderna, Oxford/AstraZeneca, Pfizer/BioNTech",https://www.ecdc.europa.eu/en/publications-data/data-covid-19-vaccination-eu-eea,7681377,4780781,3001085,1086
Austria,2021-07-02,"Johnson&Johnson, Moderna, Oxford/AstraZeneca, Pfizer/BioNTech",https://www.ecdc.europa.eu/en/publications-data/data-covid-19-vaccination-eu-eea,8307594,4982328,3451574,1345
Austria,2021-07-09,"Johnson&Johnson, Moderna, Oxford/AstraZeneca, Pfizer/BioNTech",https://www.ecdc.europa.eu/en/publications-data/data-covid-19-vaccination-eu-eea,8809627,5134769,3825406,1849
Austria,2021-07-16,"Johnson&Johnson, Moderna, Oxford/AstraZeneca, Pfizer/BioNTech",https://www.ecdc.europa.eu/en/publications-data/data-covid-19-vaccination-eu-eea,9235745,5245966,4159436,2380
Austria,2021-07-23,"Johnson&Johnson, Moderna, Oxford/AstraZeneca, Pfizer/BioNTech",https://www.ecdc.europa.eu/en/publications-data/data-covid-19-vaccination-eu-eea,9609828,5338010,4457963,2782
Austria,2021-07-30,"Johnson&Johnson, Moderna, Oxford/AstraZeneca, Pfizer/BioNTech",https://www.ecdc.europa.eu/en/publications-data/data-covid-19-vaccination-eu-eea,9920906,5395358,4723579,3271
Austria,2021-08-06,"Johnson&Johnson, Moderna, Oxford/AstraZeneca, Pfizer/BioNTech",https://www.ecdc.europa.eu/en/publications-data/data-covid-19-vaccination-eu-eea,10189078,5452215,4949841,3832
Austria,2021-08-13,"Johnson&Johnson, Moderna, Oxford/AstraZeneca, Pfizer/BioNTech",https://www.ecdc.europa.eu/en/publications-data/data-covid-19-vaccination-eu-eea,10372949,5491228,5104538,4568
Austria,2021-08-20,"Johnson&Johnson, Moderna, Oxford/AstraZeneca, Pfizer/BioNTech",https://www.ecdc.europa.eu/en/publications-data/data-covid-19-vaccination-eu-eea,10526122,5537256,5224409,5448
Austria,2021-08-27,"Johnson&Johnson, Moderna, Oxford/AstraZeneca, Pfizer/BioNTech",https://www.ecdc.europa.eu/en/publications-data/data-covid-19-vaccination-eu-eea,10625859,5585397,5288780,6659
Austria,2021-09-03,"Johnson&Johnson, Moderna, Oxford/AstraZeneca, Pfizer/BioNTech",https://www.ecdc.europa.eu/en/publications-data/data-covid-19-vaccination-eu-eea,10718512,5634739,5341513,10484
Austria,2021-09-10,"Johnson&Johnson, Moderna, Oxford/AstraZeneca, Pfizer/BioNTech",https://www.ecdc.europa.eu/en/publications-data/data-covid-19-vaccination-eu-eea,10811721,5688935,5388610,16590
Austria,2021-09-17,"Johnson&Johnson, Moderna, Oxford/AstraZeneca, Pfizer/BioNTech",https://www.ecdc.europa.eu/en/publications-data/data-covid-19-vaccination-eu-eea,10920680,5747770,5437045,29847
Austria,2021-09-24,"Johnson&Johnson, Moderna, Oxford/AstraZeneca, Pfizer/BioNTech",https://www.ecdc.europa.eu/en/publications-data/data-covid-19-vaccination-eu-eea,11034119,5803799,5485104,53179
Austria,2021-10-01,"Johnson&Johnson, Moderna, Oxford/AstraZeneca, Pfizer/BioNTech",https://www.ecdc.europa.eu/en/publications-data/data-covid-19-vaccination-eu-eea,11148412,5847952,5528283,87687
Austria,2021-10-08,"Johnson&Johnson, Moderna, Oxford/AstraZeneca, Pfizer/BioNTech",https://www.ecdc.europa.eu/en/publications-data/data-covid-19-vaccination-eu-eea,11289327,5883507,5572957,152479
Austria,2021-10-15,"Johnson&Johnson, Moderna, Oxford/AstraZeneca, Pfizer/BioNTech",https://www.ecdc.europa.eu/en/publications-data/data-covid-19-vaccination-eu-eea,11424338,5913262,5614360,219008
Austria,2021-10-22,"Johnson&Johnson, Moderna, Oxford/AstraZeneca, Pfizer/BioNTech",https://www.ecdc.europa.eu/en/publications-data/data-covid-19-vaccination-eu-eea,11582148,5950215,5654961,302433
Austria,2021-10-29,"Johnson&Johnson, Moderna, Oxford/AstraZeneca, Pfizer/BioNTech",https://www.ecdc.europa.eu/en/publications-data/data-covid-19-vaccination-eu-eea,11728922,6003786,5689024,366862
Austria,2021-11-05,"Johnson&Johnson, Moderna, Oxford/AstraZeneca, Pfizer/BioNTech",https://www.ecdc.europa.eu/en/publications-data/data-covid-19-vaccination-eu-eea,11993434,6083947,5726999,517739
Austria,2021-11-12,"Johnson&Johnson, Moderna, Oxford/AstraZeneca, Pfizer/BioNTech",https://www.ecdc.europa.eu/en/publications-data/data-covid-19-vaccination-eu-eea,12495122,6222882,5774657,836120
Austria,2021-11-19,"Johnson&Johnson, Moderna, Oxford/AstraZeneca, Pfizer/BioNTech",https://www.ecdc.europa.eu/en/publications-data/data-covid-19-vaccination-eu-eea,13190432,6338821,5831434,1359862
Austria,2021-11-26,"Johnson&Johnson, Moderna, Oxford/AstraZeneca, Pfizer/BioNTech",https://www.ecdc.europa.eu/en/publications-data/data-covid-19-vaccination-eu-eea,13986115,6429431,5897396,1999068
Austria,2021-12-03,"Johnson&Johnson, Moderna, Oxford/AstraZeneca, Pfizer/BioNTech",https://www.ecdc.europa.eu/en/publications-data/data-covid-19-vaccination-eu-eea,14754686,6508467,5991010,2594668
Austria,2021-12-10,"Johnson&Johnson, Moderna, Oxford/AstraZeneca, Pfizer/BioNTech",https://www.ecdc.europa.eu/en/publications-data/data-covid-19-vaccination-eu-eea,15432474,6575291,6092932,3103421
Austria,2021-12-17,"Johnson&Johnson, Moderna, Oxford/AstraZeneca, Pfizer/BioNTech",https://www.ecdc.europa.eu/en/publications-data/data-covid-19-vaccination-eu-eea,16117395,6647425,6200315,3608362
Austria,2021-12-24,"Johnson&Johnson, Moderna, Oxford/AstraZeneca, Pfizer/BioNTech",https://www.ecdc.europa.eu/en/publications-data/data-covid-19-vaccination-eu-eea,16442896,6682680,6262472,3835880
Austria,2021-12-31,"Johnson&Johnson, Moderna, Oxford/AstraZeneca, Pfizer/BioNTech",https://www.ecdc.europa.eu/en/publications-data/data-covid-19-vaccination-eu-eea,16677400,6707225,6315016,3992833
Austria,2022-01-07,"Johnson&Johnson, Moderna, Oxford/AstraZeneca, Pfizer/BioNTech",https://www.ecdc.europa.eu/en/publications-data/data-covid-19-vaccination-eu-eea,16976974,6738714,6382719,4192435
Austria,2022-01-14,"Johnson&Johnson, Moderna, Oxford/AstraZeneca, Pfizer/BioNTech",https://www.ecdc.europa.eu/en/publications-data/data-covid-19-vaccination-eu-eea,17314752,6774368,6447765,4427410
Austria,2022-01-21,"Johnson&Johnson, Moderna, Oxford/AstraZeneca, Pfizer/BioNTech",https://www.ecdc.europa.eu/en/publications-data/data-covid-19-vaccination-eu-eea,17560251,6803541,6486888,4603686
Austria,2022-01-28,"Johnson&Johnson, Moderna, Oxford/AstraZeneca, Pfizer/BioNTech",https://www.ecdc.europa.eu/en/publications-data/data-covid-19-vaccination-eu-eea,17760687,6823970,6519956,4749607
Austria,2022-02-04,"Johnson&Johnson, Moderna, Oxford/AstraZeneca, Pfizer/BioNTech",https://www.ecdc.europa.eu/en/publications-data/data-covid-19-vaccination-eu-eea,17963207,6837231,6552854,4903472
Austria,2022-02-11,"Johnson&Johnson, Moderna, Oxford/AstraZeneca, Pfizer/BioNTech",https://www.ecdc.europa.eu/en/publications-data/data-covid-19-vaccination-eu-eea,18069467,6846623,6577677,4972844
Austria,2022-02-18,"Johnson&Johnson, Moderna, Oxford/AstraZeneca, Pfizer/BioNTech",https://www.ecdc.europa.eu/en/publications-data/data-covid-19-vaccination-eu-eea,18130254,6852557,6594820,5007391
Austria,2022-02-25,"Johnson&Johnson, Moderna, Novavax, Oxford/AstraZeneca, Pfizer/BioNTech",https://www.ecdc.europa.eu/en/publications-data/data-covid-19-vaccination-eu-eea,18172954,6856666,6606812,5031261
Austria,2022-03-04,"Johnson&Johnson, Moderna, Novavax, Oxford/AstraZeneca, Pfizer/BioNTech",https://www.ecdc.europa.eu/en/publications-data/data-covid-19-vaccination-eu-eea,18209211,6861174,6615616,5050765
Austria,2022-03-11,"Johnson&Johnson, Moderna, Novavax, Oxford/AstraZeneca, Pfizer/BioNTech",https://www.ecdc.europa.eu/en/publications-data/data-covid-19-vaccination-eu-eea,18237778,6864031,6622219,5066400
Austria,2022-03-18,"Johnson&Johnson, Moderna, Novavax, Oxford/AstraZeneca, Pfizer/BioNTech",https://www.ecdc.europa.eu/en/publications-data/data-covid-19-vaccination-eu-eea,18261878,6866115,6626829,5080262
Austria,2022-03-25,"Johnson&Johnson, Moderna, Novavax, Oxford/AstraZeneca, Pfizer/BioNTech",https://www.ecdc.europa.eu/en/publications-data/data-covid-19-vaccination-eu-eea,18287092,6868259,6631502,5094669
Austria,2022-04-01,"Johnson&Johnson, Moderna, Novavax, Oxford/AstraZeneca, Pfizer/BioNTech",https://www.ecdc.europa.eu/en/publications-data/data-covid-19-vaccination-eu-eea,18310588,6869917,6635202,5108707
Austria,2022-04-08,"Johnson&Johnson, Moderna, Novavax, Oxford/AstraZeneca, Pfizer/BioNTech",https://www.ecdc.europa.eu/en/publications-data/data-covid-19-vaccination-eu-eea,18332948,6871423,6638026,5122546
Austria,2022-04-15,"Johnson&Johnson, Moderna, Novavax, Oxford/AstraZeneca, Pfizer/BioNTech",https://www.ecdc.europa.eu/en/publications-data/data-covid-19-vaccination-eu-eea,18352299,6872573,6640142,5134530
Austria,2022-04-22,"Johnson&Johnson, Moderna, Novavax, Oxford/AstraZeneca, Pfizer/BioNTech",https://www.ecdc.europa.eu/en/publications-data/data-covid-19-vaccination-eu-eea,18373879,6873670,6642597,5146877
Austria,2022-04-29,"Johnson&Johnson, Moderna, Novavax, Oxford/AstraZeneca, Pfizer/BioNTech",https://www.ecdc.europa.eu/en/publications-data/data-covid-19-vaccination-eu-eea,18400191,6874764,6645412,5161559
Austria,2022-05-06,"Johnson&Johnson, Moderna, Novavax, Oxford/AstraZeneca, Pfizer/BioNTech",https://www.ecdc.europa.eu/en/publications-data/data-covid-19-vaccination-eu-eea,18426752,6875740,6648164,5175548
Austria,2022-05-13,"Johnson&Johnson, Moderna, Novavax, Oxford/AstraZeneca, Pfizer/BioNTech",https://www.ecdc.europa.eu/en/publications-data/data-covid-19-vaccination-eu-eea,18454086,6876695,6650631,5189712
Austria,2022-05-20,"Johnson&Johnson, Moderna, Novavax, Oxford/AstraZeneca, Pfizer/BioNTech",https://www.ecdc.europa.eu/en/publications-data/data-covid-19-vaccination-eu-eea,18480457,6877588,6652568,5202795
Austria,2022-05-27,"Johnson&Johnson, Moderna, Novavax, Oxford/AstraZeneca, Pfizer/BioNTech",https://www.ecdc.europa.eu/en/publications-data/data-covid-19-vaccination-eu-eea,18498269,6878291,6653890,5211841
Austria,2022-06-03,"Johnson&Johnson, Moderna, Novavax, Oxford/AstraZeneca, Pfizer/BioNTech",https://www.ecdc.europa.eu/en/publications-data/data-covid-19-vaccination-eu-eea,18520039,6879034,6655460,5222027
Austria,2022-06-10,"Johnson&Johnson, Moderna, Novavax, Oxford/AstraZeneca, Pfizer/BioNTech",https://www.ecdc.europa.eu/en/publications-data/data-covid-19-vaccination-eu-eea,18540313,6879677,6656721,5230567
Austria,2022-06-17,"Johnson&Johnson, Moderna, Novavax, Oxford/AstraZeneca, Pfizer/BioNTech",https://www.ecdc.europa.eu/en/publications-data/data-covid-19-vaccination-eu-eea,18561826,6880263,6657909,5238214
Austria,2022-06-24,"Johnson&Johnson, Moderna, Novavax, Oxford/AstraZeneca, Pfizer/BioNTech",https://www.ecdc.europa.eu/en/publications-data/data-covid-19-vaccination-eu-eea,18596713,6880982,6659298,5247832
Austria,2022-07-01,"Johnson&Johnson, Moderna, Novavax, Oxford/AstraZeneca, Pfizer/BioNTech",https://www.ecdc.europa.eu/en/publications-data/data-covid-19-vaccination-eu-eea,18647304,6881663,6660627,5256626
Austria,2022-07-08,"Johnson&Johnson, Moderna, Novavax, Oxford/AstraZeneca, Pfizer/BioNTech",https://www.ecdc.europa.eu/en/publications-data/data-covid-19-vaccination-eu-eea,18714296,6882412,6661889,5265714
Austria,2022-07-15,"Johnson&Johnson, Moderna, Novavax, Oxford/AstraZeneca, Pfizer/BioNTech",https://www.ecdc.europa.eu/en/publications-data/data-covid-19-vaccination-eu-eea,18786170,6883225,6663115,5274673
Austria,2022-07-22,"Johnson&Johnson, Moderna, Novavax, Oxford/AstraZeneca, Pfizer/BioNTech",https://www.ecdc.europa.eu/en/publications-data/data-covid-19-vaccination-eu-eea,18846243,6883846,6664185,5282247
Austria,2022-07-29,"Johnson&Johnson, Moderna, Novavax, Oxford/AstraZeneca, Pfizer/BioNTech",https://www.ecdc.europa.eu/en/publications-data/data-covid-19-vaccination-eu-eea,18898299,6884495,6665161,5289267
Austria,2022-08-05,"Johnson&Johnson, Moderna, Novavax, Oxford/AstraZeneca, Pfizer/BioNTech",https://www.ecdc.europa.eu/en/publications-data/data-covid-19-vaccination-eu-eea,18940102,6885043,6665955,5294820
Austria,2022-08-12,"Johnson&Johnson, Moderna, Novavax, Oxford/AstraZeneca, Pfizer/BioNTech",https://www.ecdc.europa.eu/en/publications-data/data-covid-19-vaccination-eu-eea,18981314,6885628,6666760,5300107
Austria,2022-08-19,"Johnson&Johnson, Moderna, Novavax, Oxford/AstraZeneca, Pfizer/BioNTech",https://www.ecdc.europa.eu/en/publications-data/data-covid-19-vaccination-eu-eea,19021746,6886193,6667559,5305594
Austria,2022-08-26,"Johnson&Johnson, Moderna, Novavax, Oxford/AstraZeneca, Pfizer/BioNTech, Valneva",https://www.ecdc.europa.eu/en/publications-data/data-covid-19-vaccination-eu-eea,19069081,6886817,6668454,5312492
Austria,2022-09-02,"Johnson&Johnson, Moderna, Novavax, Oxford/AstraZeneca, Pfizer/BioNTech, Valneva",https://www.ecdc.europa.eu/en/publications-data/data-covid-19-vaccination-eu-eea,19124417,6887619,6669452,5321114
Austria,2022-09-09,"Johnson&Johnson, Moderna, Novavax, Oxford/AstraZeneca, Pfizer/BioNTech, Valneva",https://www.ecdc.europa.eu/en/publications-data/data-covid-19-vaccination-eu-eea,19187027,6888433,6670387,5329440
Austria,2022-09-16,"Johnson&Johnson, Moderna, Novavax, Oxford/AstraZeneca, Pfizer/BioNTech, Valneva",https://www.ecdc.europa.eu/en/publications-data/data-covid-19-vaccination-eu-eea,19243935,6889081,6671204,5335372
Austria,2022-09-23,"Johnson&Johnson, Moderna, Novavax, Oxford/AstraZeneca, Pfizer/BioNTech, Valneva",https://www.ecdc.europa.eu/en/publications-data/data-covid-19-vaccination-eu-eea,19300179,6889695,6671971,5340576
Austria,2022-09-30,"Johnson&Johnson, Moderna, Novavax, Oxford/AstraZeneca, Pfizer/BioNTech, Valneva",https://www.ecdc.europa.eu/en/publications-data/data-covid-19-vaccination-eu-eea,19387051,6890334,6672915,5346801
Austria,2022-10-07,"Johnson&Johnson, Moderna, Novavax, Oxford/AstraZeneca, Pfizer/BioNTech, Valneva",https://www.ecdc.europa.eu/en/publications-data/data-covid-19-vaccination-eu-eea,19499196,6891086,6673835,5353940
Austria,2022-10-14,"Johnson&Johnson, Moderna, Novavax, Oxford/AstraZeneca, Pfizer/BioNTech, Valneva",https://www.ecdc.europa.eu/en/publications-data/data-covid-19-vaccination-eu-eea,19621776,6891902,6674789,5361690
Austria,2022-10-21,"Johnson&Johnson, Moderna, Novavax, Oxford/AstraZeneca, Pfizer/BioNTech, Valneva",https://www.ecdc.europa.eu/en/publications-data/data-covid-19-vaccination-eu-eea,19741790,6892685,6675642,5368881
Austria,2022-10-28,"Johnson&Johnson, Moderna, Novavax, Oxford/AstraZeneca, Pfizer/BioNTech, Valneva",https://www.ecdc.europa.eu/en/publications-data/data-covid-19-vaccination-eu-eea,19814255,6893250,6676307,5373467
Austria,2022-11-04,"Johnson&Johnson, Moderna, Novavax, Oxford/AstraZeneca, Pfizer/BioNTech, Valneva",https://www.ecdc.europa.eu/en/publications-data/data-covid-19-vaccination-eu-eea,19887029,6893756,6676905,5377364
Austria,2022-11-11,"Johnson&Johnson, Moderna, Novavax, Oxford/AstraZeneca, Pfizer/BioNTech, Valneva",https://www.ecdc.europa.eu/en/publications-data/data-covid-19-vaccination-eu-eea,19979348,6894379,6677600,5381739
Austria,2022-11-18,"Johnson&Johnson, Moderna, Novavax, Oxford/AstraZeneca, Pfizer/BioNTech, Valneva",https://www.ecdc.europa.eu/en/publications-data/data-covid-19-vaccination-eu-eea,20064469,6895097,6678220,5385751
Austria,2022-11-25,"Johnson&Johnson, Moderna, Novavax, Oxford/AstraZeneca, Pfizer/BioNTech, Valneva",https://www.ecdc.europa.eu/en/publications-data/data-covid-19-vaccination-eu-eea,20139505,6895707,6678724,5389074
Austria,2022-12-02,"Johnson&Johnson, Moderna, Novavax, Oxford/AstraZeneca, Pfizer/BioNTech, Valneva",https://www.ecdc.europa.eu/en/publications-data/data-covid-19-vaccination-eu-eea,20212063,6896265,6679241,5392183
Austria,2022-12-09,"Johnson&Johnson, Moderna, Novavax, Oxford/AstraZeneca, Pfizer/BioNTech, Valneva",https://www.ecdc.europa.eu/en/publications-data/data-covid-19-vaccination-eu-eea,20262376,6896710,6679629,5394476
Austria,2022-12-16,"Johnson&Johnson, Moderna, Novavax, Oxford/AstraZeneca, Pfizer/BioNTech, Valneva",https://www.ecdc.europa.eu/en/publications-data/data-covid-19-vaccination-eu-eea,20316117,6897270,6680148,5396896
Austria,2022-12-23,"Johnson&Johnson, Moderna, Novavax, Oxford/AstraZeneca, Pfizer/BioNTech, Sanofi/GSK, Valneva",https://www.ecdc.europa.eu/en/publications-data/data-covid-19-vaccination-eu-eea,20340085,6897554,6680466,5398093
Austria,2022-12-30,"Johnson&Johnson, Moderna, Novavax, Oxford/AstraZeneca, Pfizer/BioNTech, Sanofi/GSK, Valneva",https://www.ecdc.europa.eu/en/publications-data/data-covid-19-vaccination-eu-eea,20351827,6897765,6680653,5398800
Austria,2023-01-06,"Johnson&Johnson, Moderna, Novavax, Oxford/AstraZeneca, Pfizer/BioNTech, Sanofi/GSK, Valneva",https://www.ecdc.europa.eu/en/publications-data/data-covid-19-vaccination-eu-eea,20365631,6897991,6680930,5399792
Austria,2023-01-13,"Johnson&Johnson, Moderna, Novavax, Oxford/AstraZeneca, Pfizer/BioNTech, Sanofi/GSK, Valneva",https://www.ecdc.europa.eu/en/publications-data/data-covid-19-vaccination-eu-eea,20384653,6898335,6681297,5400846
Austria,2023-01-20,"Johnson&Johnson, Moderna, Novavax, Oxford/AstraZeneca, Pfizer/BioNTech, Sanofi/GSK, Valneva",https://www.ecdc.europa.eu/en/publications-data/data-covid-19-vaccination-eu-eea,20399035,6898555,6681527,5401639
Austria,2023-01-27,"Johnson&Johnson, Moderna, Novavax, Oxford/AstraZeneca, Pfizer/BioNTech, Sanofi/GSK, Valneva",https://www.ecdc.europa.eu/en/publications-data/data-covid-19-vaccination-eu-eea,20409648,6898733,6681716,5402265
Austria,2023-02-03,"Johnson&Johnson, Moderna, Novavax, Oxford/AstraZeneca, Pfizer/BioNTech, Sanofi/GSK, Valneva",https://www.ecdc.europa.eu/en/publications-data/data-covid-19-vaccination-eu-eea,20418050,6898901,6681903,5402772
Austria,2023-02-10,"Johnson&Johnson, Moderna, Novavax, Oxford/AstraZeneca, Pfizer/BioNTech, Sanofi/GSK, Valneva",https://www.ecdc.europa.eu/en/publications-data/data-covid-19-vaccination-eu-eea,20424217,6899016,6682072,5403154
Austria,2023-02-17,"Johnson&Johnson, Moderna, Novavax, Oxford/AstraZeneca, Pfizer/BioNTech, Sanofi/GSK, Valneva",https://www.ecdc.europa.eu/en/publications-data/data-covid-19-vaccination-eu-eea,20429762,6899122,6682220,5403513
Austria,2023-02-24,"Johnson&Johnson, Moderna, Novavax, Oxford/AstraZeneca, Pfizer/BioNTech, Sanofi/GSK, Valneva",https://www.ecdc.europa.eu/en/publications-data/data-covid-19-vaccination-eu-eea,20434553,6899216,6682344,5403783
Austria,2023-03-03,"Johnson&Johnson, Moderna, Novavax, Oxford/AstraZeneca, Pfizer/BioNTech, Sanofi/GSK, Valneva",https://www.ecdc.europa.eu/en/publications-data/data-covid-19-vaccination-eu-eea,20441522,6899304,6682488,5404077
Austria,2023-03-10,"Johnson&Johnson, Moderna, Novavax, Oxford/AstraZeneca, Pfizer/BioNTech, Sanofi/GSK, Valneva",https://www.ecdc.europa.eu/en/publications-data/data-covid-19-vaccination-eu-eea,20445536,6899379,6682595,5404340
Austria,2023-03-17,"Johnson&Johnson, Moderna, Novavax, Oxford/AstraZeneca, Pfizer/BioNTech, Sanofi/GSK, Valneva",https://www.ecdc.europa.eu/en/publications-data/data-covid-19-vaccination-eu-eea,20449101,6899444,6682694,5404578
Austria,2023-03-24,"Johnson&Johnson, Moderna, Novavax, Oxford/AstraZeneca, Pfizer/BioNTech, Sanofi/GSK, Valneva",https://www.ecdc.europa.eu/en/publications-data/data-covid-19-vaccination-eu-eea,20452291,6899501,6682778,5404761
Austria,2023-03-31,"Johnson&Johnson, Moderna, Novavax, Oxford/AstraZeneca, Pfizer/BioNTech, Sanofi/GSK, Valneva",https://www.ecdc.europa.eu/en/publications-data/data-covid-19-vaccination-eu-eea,20455410,6899567,6682850,5404937
Austria,2023-04-07,"Johnson&Johnson, Moderna, Novavax, Oxford/AstraZeneca, Pfizer/BioNTech, Sanofi/GSK, Valneva",https://www.ecdc.europa.eu/en/publications-data/data-covid-19-vaccination-eu-eea,20457056,6899607,6682902,5405034
Austria,2023-04-14,"Johnson&Johnson, Moderna, Novavax, Oxford/AstraZeneca, Pfizer/BioNTech, Sanofi/GSK, Valneva",https://www.ecdc.europa.eu/en/publications-data/data-covid-19-vaccination-eu-eea,20458581,6899643,6682951,5405140
Austria,2023-04-21,"Johnson&Johnson, Moderna, Novavax, Oxford/AstraZeneca, Pfizer/BioNTech, Sanofi/GSK, Valneva",https://www.ecdc.europa.eu/en/publications-data/data-covid-19-vaccination-eu-eea,20460568,6899677,6683012,5405256
Austria,2023-04-28,"Johnson&Johnson, Moderna, Novavax, Oxford/AstraZeneca, Pfizer/BioNTech, Sanofi/GSK, Valneva",https://www.ecdc.europa.eu/en/publications-data/data-covid-19-vaccination-eu-eea,20462394,6899714,6683064,5405401
Austria,2023-05-05,"Johnson&Johnson, Moderna, Novavax, Oxford/AstraZeneca, Pfizer/BioNTech, Sanofi/GSK, Valneva",https://www.ecdc.europa.eu/en/publications-data/data-covid-19-vaccination-eu-eea,20463465,6899739,6683089,5405495
Austria,2023-05-12,"Johnson&Johnson, Moderna, Novavax, Oxford/AstraZeneca, Pfizer/BioNTech, Sanofi/GSK, Valneva",https://www.ecdc.europa.eu/en/publications-data/data-covid-19-vaccination-eu-eea,20464555,6899768,6683120,5405585
Austria,2023-05-19,"Johnson&Johnson, Moderna, Novavax, Oxford/AstraZeneca, Pfizer/BioNTech, Sanofi/GSK, Valneva",https://www.ecdc.europa.eu/en/publications-data/data-covid-19-vaccination-eu-eea,20465230,6899782,6683145,5405644
Austria,2023-05-26,"Johnson&Johnson, Moderna, Novavax, Oxford/AstraZeneca, Pfizer/BioNTech, Sanofi/GSK, Valneva",https://www.ecdc.europa.eu/en/publications-data/data-covid-19-vaccination-eu-eea,20466154,6899806,6683173,5405717
Austria,2023-06-02,"Johnson&Johnson, Moderna, Novavax, Oxford/AstraZeneca, Pfizer/BioNTech, Sanofi/GSK, Valneva",https://www.ecdc.europa.eu/en/publications-data/data-covid-19-vaccination-eu-eea,20466793,6899821,6683192,5405773
Austria,2023-06-09,"Johnson&Johnson, Moderna, Novavax, Oxford/AstraZeneca, Pfizer/BioNTech, Sanofi/GSK, Valneva",https://www.ecdc.europa.eu/en/publications-data/data-covid-19-vaccination-eu-eea,20467339,6899844,6683216,5405827
Austria,2023-06-16,"Johnson&Johnson, Moderna, Novavax, Oxford/AstraZeneca, Pfizer/BioNTech, Sanofi/GSK, Valneva",https://www.ecdc.europa.eu/en/publications-data/data-covid-19-vaccination-eu-eea,20467934,6899858,6683230,5405875
Austria,2023-06-23,"Johnson&Johnson, Moderna, Novavax, Oxford/AstraZeneca, Pfizer/BioNTech, Sanofi/GSK, Valneva",https://www.ecdc.europa.eu/en/publications-data/data-covid-19-vaccination-eu-eea,20468338,6899866,6683246,5405917
Austria,2023-06-30,"Johnson&Johnson, Moderna, Novavax, Oxford/AstraZeneca, Pfizer/BioNTech, Sanofi/GSK, Valneva",https://www.ecdc.europa.eu/en/publications-data/data-covid-19-vaccination-eu-eea,20468731,6899873,6683263,5405966
