location,date,vaccine,source_url,total_vaccinations,people_vaccinated,total_boosters
Liechtenstein,2020-12-21,Johnson&Johnson,https://opendata.swiss/en/dataset/covid-19-schweiz?detGeo=FL,0,0,0
Liechtenstein,2021-01-04,"Johnson&Johnson, Moderna, Pfizer/BioNTech",https://opendata.swiss/en/dataset/covid-19-schweiz?detGeo=FL,2,2,0
Liechtenstein,2021-01-06,"Johnson&Johnson, Moderna, Pfizer/BioNTech",https://opendata.swiss/en/dataset/covid-19-schweiz?detGeo=FL,5,5,0
Liechtenstein,2021-01-07,"Johnson&Johnson, Moderna, Pfizer/BioNTech",https://opendata.swiss/en/dataset/covid-19-schweiz?detGeo=FL,6,6,0
Liechtenstein,2021-01-11,"Johnson&Johnson, Moderna, Pfizer/BioNTech",https://opendata.swiss/en/dataset/covid-19-schweiz?detGeo=FL,7,7,0
Liechtenstein,2021-01-12,"Johnson&Johnson, Moderna, Pfizer/BioNTech",https://opendata.swiss/en/dataset/covid-19-schweiz?detGeo=FL,17,17,0
Liechtenstein,2021-01-14,"Johnson&Johnson, Moderna, Pfizer/BioNTech",https://opendata.swiss/en/dataset/covid-19-schweiz?detGeo=FL,24,24,0
Liechtenstein,2021-01-15,"Johnson&Johnson, Moderna, Pfizer/BioNTech",https://opendata.swiss/en/dataset/covid-19-schweiz?detGeo=FL,44,44,0
Liechtenstein,2021-01-16,"Johnson&Johnson, Moderna, Pfizer/BioNTech",https://opendata.swiss/en/dataset/covid-19-schweiz?detGeo=FL,46,46,0
Liechtenstein,2021-01-18,"Johnson&Johnson, Moderna, Pfizer/BioNTech",https://opendata.swiss/en/dataset/covid-19-schweiz?detGeo=FL,126,126,0
Liechtenstein,2021-01-19,"Johnson&Johnson, Moderna, Pfizer/BioNTech",https://opendata.swiss/en/dataset/covid-19-schweiz?detGeo=FL,211,211,0
Liechtenstein,2021-01-20,"Johnson&Johnson, Moderna, Pfizer/BioNTech",https://opendata.swiss/en/dataset/covid-19-schweiz?detGeo=FL,264,264,0
Liechtenstein,2021-01-21,"Johnson&Johnson, Moderna, Pfizer/BioNTech",https://opendata.swiss/en/dataset/covid-19-schweiz?detGeo=FL,322,322,0
Liechtenstein,2021-01-22,"Johnson&Johnson, Moderna, Pfizer/BioNTech",https://opendata.swiss/en/dataset/covid-19-schweiz?detGeo=FL,375,375,0
Liechtenstein,2021-01-23,"Johnson&Johnson, Moderna, Pfizer/BioNTech",https://opendata.swiss/en/dataset/covid-19-schweiz?detGeo=FL,380,380,0
Liechtenstein,2021-01-25,"Johnson&Johnson, Moderna, Pfizer/BioNTech",https://opendata.swiss/en/dataset/covid-19-schweiz?detGeo=FL,452,452,0
Liechtenstein,2021-01-26,"Johnson&Johnson, Moderna, Pfizer/BioNTech",https://opendata.swiss/en/dataset/covid-19-schweiz?detGeo=FL,527,527,0
Liechtenstein,2021-01-27,"Johnson&Johnson, Moderna, Pfizer/BioNTech",https://opendata.swiss/en/dataset/covid-19-schweiz?detGeo=FL,535,535,0
Liechtenstein,2021-01-28,"Johnson&Johnson, Moderna, Pfizer/BioNTech",https://opendata.swiss/en/dataset/covid-19-schweiz?detGeo=FL,662,662,0
Liechtenstein,2021-01-29,"Johnson&Johnson, Moderna, Pfizer/BioNTech",https://opendata.swiss/en/dataset/covid-19-schweiz?detGeo=FL,841,813,0
Liechtenstein,2021-01-30,"Johnson&Johnson, Moderna, Pfizer/BioNTech",https://opendata.swiss/en/dataset/covid-19-schweiz?detGeo=FL,841,817,0
Liechtenstein,2021-01-31,"Johnson&Johnson, Moderna, Pfizer/BioNTech",https://opendata.swiss/en/dataset/covid-19-schweiz?detGeo=FL,841,818,0
Liechtenstein,2021-02-01,"Johnson&Johnson, Moderna, Pfizer/BioNTech",https://opendata.swiss/en/dataset/covid-19-schweiz?detGeo=FL,841,820,0
Liechtenstein,2021-02-02,"Johnson&Johnson, Moderna, Pfizer/BioNTech",https://opendata.swiss/en/dataset/covid-19-schweiz?detGeo=FL,841,837,0
Liechtenstein,2021-02-03,"Johnson&Johnson, Moderna, Pfizer/BioNTech",https://opendata.swiss/en/dataset/covid-19-schweiz?detGeo=FL,846,841,0
Liechtenstein,2021-02-04,"Johnson&Johnson, Moderna, Pfizer/BioNTech",https://opendata.swiss/en/dataset/covid-19-schweiz?detGeo=FL,882,882,0
Liechtenstein,2021-02-05,"Johnson&Johnson, Moderna, Pfizer/BioNTech",https://opendata.swiss/en/dataset/covid-19-schweiz?detGeo=FL,893,893,0
Liechtenstein,2021-02-08,"Johnson&Johnson, Moderna, Pfizer/BioNTech",https://opendata.swiss/en/dataset/covid-19-schweiz?detGeo=FL,952,895,0
Liechtenstein,2021-02-09,"Johnson&Johnson, Moderna, Pfizer/BioNTech",https://opendata.swiss/en/dataset/covid-19-schweiz?detGeo=FL,1027,897,0
Liechtenstein,2021-02-10,"Johnson&Johnson, Moderna, Pfizer/BioNTech",https://opendata.swiss/en/dataset/covid-19-schweiz?detGeo=FL,1080,904,0
Liechtenstein,2021-02-11,"Johnson&Johnson, Moderna, Pfizer/BioNTech",https://opendata.swiss/en/dataset/covid-19-schweiz?detGeo=FL,1145,910,0
Liechtenstein,2021-02-12,"Johnson&Johnson, Moderna, Pfizer/BioNTech",https://opendata.swiss/en/dataset/covid-19-schweiz?detGeo=FL,1175,913,0
Liechtenstein,2021-02-15,"Johnson&Johnson, Moderna, Pfizer/BioNTech",https://opendata.swiss/en/dataset/covid-19-schweiz?detGeo=FL,1250,915,0
Liechtenstein,2021-02-16,"Johnson&Johnson, Moderna, Pfizer/BioNTech",https://opendata.swiss/en/dataset/covid-19-schweiz?detGeo=FL,1495,1117,0
Liechtenstein,2021-02-17,"Johnson&Johnson, Moderna, Pfizer/BioNTech",https://opendata.swiss/en/dataset/covid-19-schweiz?detGeo=FL,1696,1317,0
Liechtenstein,2021-02-18,"Johnson&Johnson, Moderna, Pfizer/BioNTech",https://opendata.swiss/en/dataset/covid-19-schweiz?detGeo=FL,1816,1444,0
Liechtenstein,2021-02-19,"Johnson&Johnson, Moderna, Pfizer/BioNTech",https://opendata.swiss/en/dataset/covid-19-schweiz?detGeo=FL,1816,1447,0
Liechtenstein,2021-02-22,"Johnson&Johnson, Moderna, Pfizer/BioNTech",https://opendata.swiss/en/dataset/covid-19-schweiz?detGeo=FL,2019,1650,0
Liechtenstein,2021-02-23,"Johnson&Johnson, Moderna, Pfizer/BioNTech",https://opendata.swiss/en/dataset/covid-19-schweiz?detGeo=FL,2223,1854,0
Liechtenstein,2021-02-25,"Johnson&Johnson, Moderna, Pfizer/BioNTech",https://opendata.swiss/en/dataset/covid-19-schweiz?detGeo=FL,2412,1863,0
Liechtenstein,2021-02-26,"Johnson&Johnson, Moderna, Pfizer/BioNTech",https://opendata.swiss/en/dataset/covid-19-schweiz?detGeo=FL,2602,1863,0
Liechtenstein,2021-03-01,"Johnson&Johnson, Moderna, Pfizer/BioNTech",https://opendata.swiss/en/dataset/covid-19-schweiz?detGeo=FL,2602,1866,0
Liechtenstein,2021-03-02,"Johnson&Johnson, Moderna, Pfizer/BioNTech",https://opendata.swiss/en/dataset/covid-19-schweiz?detGeo=FL,2602,1870,0
Liechtenstein,2021-03-03,"Johnson&Johnson, Moderna, Pfizer/BioNTech",https://opendata.swiss/en/dataset/covid-19-schweiz?detGeo=FL,2724,1994,0
Liechtenstein,2021-03-04,"Johnson&Johnson, Moderna, Pfizer/BioNTech",https://opendata.swiss/en/dataset/covid-19-schweiz?detGeo=FL,2920,2195,0
Liechtenstein,2021-03-05,"Johnson&Johnson, Moderna, Pfizer/BioNTech",https://opendata.swiss/en/dataset/covid-19-schweiz?detGeo=FL,3129,2404,0
Liechtenstein,2021-03-06,"Johnson&Johnson, Moderna, Pfizer/BioNTech",https://opendata.swiss/en/dataset/covid-19-schweiz?detGeo=FL,3129,2405,0
Liechtenstein,2021-03-09,"Johnson&Johnson, Moderna, Pfizer/BioNTech",https://opendata.swiss/en/dataset/covid-19-schweiz?detGeo=FL,3340,2616,0
Liechtenstein,2021-03-10,"Johnson&Johnson, Moderna, Pfizer/BioNTech",https://opendata.swiss/en/dataset/covid-19-schweiz?detGeo=FL,3541,2821,0
Liechtenstein,2021-03-11,"Johnson&Johnson, Moderna, Pfizer/BioNTech",https://opendata.swiss/en/dataset/covid-19-schweiz?detGeo=FL,3780,3063,0
Liechtenstein,2021-03-15,"Johnson&Johnson, Moderna, Pfizer/BioNTech",https://opendata.swiss/en/dataset/covid-19-schweiz?detGeo=FL,3790,3074,0
Liechtenstein,2021-03-16,"Johnson&Johnson, Moderna, Pfizer/BioNTech",https://opendata.swiss/en/dataset/covid-19-schweiz?detGeo=FL,4005,3097,0
Liechtenstein,2021-03-17,"Johnson&Johnson, Moderna, Pfizer/BioNTech",https://opendata.swiss/en/dataset/covid-19-schweiz?detGeo=FL,4237,3131,0
Liechtenstein,2021-03-18,"Johnson&Johnson, Moderna, Pfizer/BioNTech",https://opendata.swiss/en/dataset/covid-19-schweiz?detGeo=FL,4367,3148,0
Liechtenstein,2021-03-19,"Johnson&Johnson, Moderna, Pfizer/BioNTech",https://opendata.swiss/en/dataset/covid-19-schweiz?detGeo=FL,4367,3149,0
Liechtenstein,2021-03-22,"Johnson&Johnson, Moderna, Pfizer/BioNTech",https://opendata.swiss/en/dataset/covid-19-schweiz?detGeo=FL,4570,3152,0
Liechtenstein,2021-03-23,"Johnson&Johnson, Moderna, Pfizer/BioNTech",https://opendata.swiss/en/dataset/covid-19-schweiz?detGeo=FL,4773,3165,0
Liechtenstein,2021-03-24,"Johnson&Johnson, Moderna, Pfizer/BioNTech",https://opendata.swiss/en/dataset/covid-19-schweiz?detGeo=FL,5012,3410,0
Liechtenstein,2021-03-25,"Johnson&Johnson, Moderna, Pfizer/BioNTech",https://opendata.swiss/en/dataset/covid-19-schweiz?detGeo=FL,5252,3652,0
Liechtenstein,2021-03-26,"Johnson&Johnson, Moderna, Pfizer/BioNTech",https://opendata.swiss/en/dataset/covid-19-schweiz?detGeo=FL,5491,3894,0
Liechtenstein,2021-03-29,"Johnson&Johnson, Moderna, Pfizer/BioNTech",https://opendata.swiss/en/dataset/covid-19-schweiz?detGeo=FL,5730,4137,0
Liechtenstein,2021-03-30,"Johnson&Johnson, Moderna, Pfizer/BioNTech",https://opendata.swiss/en/dataset/covid-19-schweiz?detGeo=FL,5980,4381,0
Liechtenstein,2021-03-31,"Johnson&Johnson, Moderna, Pfizer/BioNTech",https://opendata.swiss/en/dataset/covid-19-schweiz?detGeo=FL,6103,4385,0
Liechtenstein,2021-04-01,"Johnson&Johnson, Moderna, Pfizer/BioNTech",https://opendata.swiss/en/dataset/covid-19-schweiz?detGeo=FL,6300,4387,0
Liechtenstein,2021-04-02,"Johnson&Johnson, Moderna, Pfizer/BioNTech",https://opendata.swiss/en/dataset/covid-19-schweiz?detGeo=FL,6506,4389,0
Liechtenstein,2021-04-06,"Johnson&Johnson, Moderna, Pfizer/BioNTech",https://opendata.swiss/en/dataset/covid-19-schweiz?detGeo=FL,6716,4392,0
Liechtenstein,2021-04-07,"Johnson&Johnson, Moderna, Pfizer/BioNTech",https://opendata.swiss/en/dataset/covid-19-schweiz?detGeo=FL,6916,4392,0
Liechtenstein,2021-04-08,"Johnson&Johnson, Moderna, Pfizer/BioNTech",https://opendata.swiss/en/dataset/covid-19-schweiz?detGeo=FL,7156,4397,0
Liechtenstein,2021-04-09,"Johnson&Johnson, Moderna, Pfizer/BioNTech",https://opendata.swiss/en/dataset/covid-19-schweiz?detGeo=FL,7416,4635,0
Liechtenstein,2021-04-10,"Johnson&Johnson, Moderna, Pfizer/BioNTech",https://opendata.swiss/en/dataset/covid-19-schweiz?detGeo=FL,7416,4640,0
Liechtenstein,2021-04-12,"Johnson&Johnson, Moderna, Pfizer/BioNTech",https://opendata.swiss/en/dataset/covid-19-schweiz?detGeo=FL,7695,4907,0
Liechtenstein,2021-04-13,"Johnson&Johnson, Moderna, Pfizer/BioNTech",https://opendata.swiss/en/dataset/covid-19-schweiz?detGeo=FL,7970,5167,0
Liechtenstein,2021-04-14,"Johnson&Johnson, Moderna, Pfizer/BioNTech",https://opendata.swiss/en/dataset/covid-19-schweiz?detGeo=FL,8277,5456,0
Liechtenstein,2021-04-15,"Johnson&Johnson, Moderna, Pfizer/BioNTech",https://opendata.swiss/en/dataset/covid-19-schweiz?detGeo=FL,8574,5746,0
Liechtenstein,2021-04-16,"Johnson&Johnson, Moderna, Pfizer/BioNTech",https://opendata.swiss/en/dataset/covid-19-schweiz?detGeo=FL,8862,6035,0
Liechtenstein,2021-04-19,"Johnson&Johnson, Moderna, Pfizer/BioNTech",https://opendata.swiss/en/dataset/covid-19-schweiz?detGeo=FL,9420,6588,0
Liechtenstein,2021-04-20,"Johnson&Johnson, Moderna, Pfizer/BioNTech",https://opendata.swiss/en/dataset/covid-19-schweiz?detGeo=FL,9962,7132,0
Liechtenstein,2021-04-21,"Johnson&Johnson, Moderna, Pfizer/BioNTech",https://opendata.swiss/en/dataset/covid-19-schweiz?detGeo=FL,10460,7393,0
Liechtenstein,2021-04-22,"Johnson&Johnson, Moderna, Pfizer/BioNTech",https://opendata.swiss/en/dataset/covid-19-schweiz?detGeo=FL,10963,7665,0
Liechtenstein,2021-04-23,"Johnson&Johnson, Moderna, Pfizer/BioNTech",https://opendata.swiss/en/dataset/covid-19-schweiz?detGeo=FL,11461,7932,0
Liechtenstein,2021-04-24,"Johnson&Johnson, Moderna, Pfizer/BioNTech",https://opendata.swiss/en/dataset/covid-19-schweiz?detGeo=FL,11461,7934,0
Liechtenstein,2021-04-26,"Johnson&Johnson, Moderna, Pfizer/BioNTech",https://opendata.swiss/en/dataset/covid-19-schweiz?detGeo=FL,11701,7938,0
Liechtenstein,2021-04-27,"Johnson&Johnson, Moderna, Pfizer/BioNTech",https://opendata.swiss/en/dataset/covid-19-schweiz?detGeo=FL,11950,7957,0
Liechtenstein,2021-04-28,"Johnson&Johnson, Moderna, Pfizer/BioNTech",https://opendata.swiss/en/dataset/covid-19-schweiz?detGeo=FL,12223,8232,0
Liechtenstein,2021-04-29,"Johnson&Johnson, Moderna, Pfizer/BioNTech",https://opendata.swiss/en/dataset/covid-19-schweiz?detGeo=FL,12492,8503,0
Liechtenstein,2021-04-30,"Johnson&Johnson, Moderna, Pfizer/BioNTech",https://opendata.swiss/en/dataset/covid-19-schweiz?detGeo=FL,13002,9007,0
Liechtenstein,2021-05-01,"Johnson&Johnson, Moderna, Pfizer/BioNTech",https://opendata.swiss/en/dataset/covid-19-schweiz?detGeo=FL,13002,9008,0
Liechtenstein,2021-05-03,"Johnson&Johnson, Moderna, Pfizer/BioNTech",https://opendata.swiss/en/dataset/covid-19-schweiz?detGeo=FL,13281,9287,0
Liechtenstein,2021-05-04,"Johnson&Johnson, Moderna, Pfizer/BioNTech",https://opendata.swiss/en/dataset/covid-19-schweiz?detGeo=FL,13553,9559,0
Liechtenstein,2021-05-05,"Johnson&Johnson, Moderna, Pfizer/BioNTech",https://opendata.swiss/en/dataset/covid-19-schweiz?detGeo=FL,13834,9838,0
Liechtenstein,2021-05-06,"Johnson&Johnson, Moderna, Pfizer/BioNTech",https://opendata.swiss/en/dataset/covid-19-schweiz?detGeo=FL,14114,10117,0
Liechtenstein,2021-05-07,"Johnson&Johnson, Moderna, Pfizer/BioNTech",https://opendata.swiss/en/dataset/covid-19-schweiz?detGeo=FL,14374,10123,0
Liechtenstein,2021-05-08,"Johnson&Johnson, Moderna, Pfizer/BioNTech",https://opendata.swiss/en/dataset/covid-19-schweiz?detGeo=FL,14374,10126,0
Liechtenstein,2021-05-10,"Johnson&Johnson, Moderna, Pfizer/BioNTech",https://opendata.swiss/en/dataset/covid-19-schweiz?detGeo=FL,14935,10425,0
Liechtenstein,2021-05-11,"Johnson&Johnson, Moderna, Pfizer/BioNTech",https://opendata.swiss/en/dataset/covid-19-schweiz?detGeo=FL,15475,10711,0
Liechtenstein,2021-05-12,"Johnson&Johnson, Moderna, Pfizer/BioNTech",https://opendata.swiss/en/dataset/covid-19-schweiz?detGeo=FL,15771,10721,0
Liechtenstein,2021-05-13,"Johnson&Johnson, Moderna, Pfizer/BioNTech",https://opendata.swiss/en/dataset/covid-19-schweiz?detGeo=FL,16057,10725,0
Liechtenstein,2021-05-14,"Johnson&Johnson, Moderna, Pfizer/BioNTech",https://opendata.swiss/en/dataset/covid-19-schweiz?detGeo=FL,16339,10733,0
Liechtenstein,2021-05-15,"Johnson&Johnson, Moderna, Pfizer/BioNTech",https://opendata.swiss/en/dataset/covid-19-schweiz?detGeo=FL,16339,10737,0
Liechtenstein,2021-05-17,"Johnson&Johnson, Moderna, Pfizer/BioNTech",https://opendata.swiss/en/dataset/covid-19-schweiz?detGeo=FL,16898,10752,0
Liechtenstein,2021-05-18,"Johnson&Johnson, Moderna, Pfizer/BioNTech",https://opendata.swiss/en/dataset/covid-19-schweiz?detGeo=FL,17444,10761,0
Liechtenstein,2021-05-19,"Johnson&Johnson, Moderna, Pfizer/BioNTech",https://opendata.swiss/en/dataset/covid-19-schweiz?detGeo=FL,17985,11041,0
Liechtenstein,2021-05-20,"Johnson&Johnson, Moderna, Pfizer/BioNTech",https://opendata.swiss/en/dataset/covid-19-schweiz?detGeo=FL,18527,11328,0
Liechtenstein,2021-05-21,"Johnson&Johnson, Moderna, Pfizer/BioNTech",https://opendata.swiss/en/dataset/covid-19-schweiz?detGeo=FL,19086,11625,0
Liechtenstein,2021-05-25,"Johnson&Johnson, Moderna, Pfizer/BioNTech",https://opendata.swiss/en/dataset/covid-19-schweiz?detGeo=FL,19645,12186,0
Liechtenstein,2021-05-26,"Johnson&Johnson, Moderna, Pfizer/BioNTech",https://opendata.swiss/en/dataset/covid-19-schweiz?detGeo=FL,20192,12471,0
Liechtenstein,2021-05-27,"Johnson&Johnson, Moderna, Pfizer/BioNTech",https://opendata.swiss/en/dataset/covid-19-schweiz?detGeo=FL,20760,12769,0
Liechtenstein,2021-05-28,"Johnson&Johnson, Moderna, Pfizer/BioNTech",https://opendata.swiss/en/dataset/covid-19-schweiz?detGeo=FL,21289,12780,0
Liechtenstein,2021-05-31,"Johnson&Johnson, Moderna, Pfizer/BioNTech",https://opendata.swiss/en/dataset/covid-19-schweiz?detGeo=FL,21844,13055,0
Liechtenstein,2021-06-01,"Johnson&Johnson, Moderna, Pfizer/BioNTech",https://opendata.swiss/en/dataset/covid-19-schweiz?detGeo=FL,22394,13344,0
Liechtenstein,2021-06-02,"Johnson&Johnson, Moderna, Pfizer/BioNTech",https://opendata.swiss/en/dataset/covid-19-schweiz?detGeo=FL,22954,13636,0
Liechtenstein,2021-06-03,"Johnson&Johnson, Moderna, Pfizer/BioNTech",https://opendata.swiss/en/dataset/covid-19-schweiz?detGeo=FL,23504,13922,0
Liechtenstein,2021-06-04,"Johnson&Johnson, Moderna, Pfizer/BioNTech",https://opendata.swiss/en/dataset/covid-19-schweiz?detGeo=FL,24064,14479,0
Liechtenstein,2021-06-05,"Johnson&Johnson, Moderna, Pfizer/BioNTech",https://opendata.swiss/en/dataset/covid-19-schweiz?detGeo=FL,24064,14480,0
Liechtenstein,2021-06-07,"Johnson&Johnson, Moderna, Pfizer/BioNTech",https://opendata.swiss/en/dataset/covid-19-schweiz?detGeo=FL,24645,14764,0
Liechtenstein,2021-06-08,"Johnson&Johnson, Moderna, Pfizer/BioNTech",https://opendata.swiss/en/dataset/covid-19-schweiz?detGeo=FL,25223,15054,0
Liechtenstein,2021-06-09,"Johnson&Johnson, Moderna, Pfizer/BioNTech",https://opendata.swiss/en/dataset/covid-19-schweiz?detGeo=FL,25791,15623,0
Liechtenstein,2021-06-10,"Johnson&Johnson, Moderna, Pfizer/BioNTech",https://opendata.swiss/en/dataset/covid-19-schweiz?detGeo=FL,26361,16186,0
Liechtenstein,2021-06-11,"Johnson&Johnson, Moderna, Pfizer/BioNTech",https://opendata.swiss/en/dataset/covid-19-schweiz?detGeo=FL,26939,16729,0
Liechtenstein,2021-06-14,"Johnson&Johnson, Moderna, Pfizer/BioNTech",https://opendata.swiss/en/dataset/covid-19-schweiz?detGeo=FL,27502,17286,0
Liechtenstein,2021-06-15,"Johnson&Johnson, Moderna, Pfizer/BioNTech",https://opendata.swiss/en/dataset/covid-19-schweiz?detGeo=FL,28059,17844,0
Liechtenstein,2021-06-16,"Johnson&Johnson, Moderna, Pfizer/BioNTech",https://opendata.swiss/en/dataset/covid-19-schweiz?detGeo=FL,28619,18130,0
Liechtenstein,2021-06-17,"Johnson&Johnson, Moderna, Pfizer/BioNTech",https://opendata.swiss/en/dataset/covid-19-schweiz?detGeo=FL,29170,18418,0
Liechtenstein,2021-06-18,"Johnson&Johnson, Moderna, Pfizer/BioNTech",https://opendata.swiss/en/dataset/covid-19-schweiz?detGeo=FL,29750,18704,0
Liechtenstein,2021-06-21,"Johnson&Johnson, Moderna, Pfizer/BioNTech",https://opendata.swiss/en/dataset/covid-19-schweiz?detGeo=FL,29750,18705,0
Liechtenstein,2021-06-22,"Johnson&Johnson, Moderna, Pfizer/BioNTech",https://opendata.swiss/en/dataset/covid-19-schweiz?detGeo=FL,30275,18708,0
Liechtenstein,2021-06-23,"Johnson&Johnson, Moderna, Pfizer/BioNTech",https://opendata.swiss/en/dataset/covid-19-schweiz?detGeo=FL,30571,18724,0
Liechtenstein,2021-06-24,"Johnson&Johnson, Moderna, Pfizer/BioNTech",https://opendata.swiss/en/dataset/covid-19-schweiz?detGeo=FL,31089,18935,0
Liechtenstein,2021-06-25,"Johnson&Johnson, Moderna, Pfizer/BioNTech",https://opendata.swiss/en/dataset/covid-19-schweiz?detGeo=FL,31367,19195,0
Liechtenstein,2021-06-28,"Johnson&Johnson, Moderna, Pfizer/BioNTech",https://opendata.swiss/en/dataset/covid-19-schweiz?detGeo=FL,31656,19226,0
Liechtenstein,2021-06-29,"Johnson&Johnson, Moderna, Pfizer/BioNTech",https://opendata.swiss/en/dataset/covid-19-schweiz?detGeo=FL,31955,19246,0
Liechtenstein,2021-06-30,"Johnson&Johnson, Moderna, Pfizer/BioNTech",https://opendata.swiss/en/dataset/covid-19-schweiz?detGeo=FL,32497,19513,0
Liechtenstein,2021-07-01,"Johnson&Johnson, Moderna, Pfizer/BioNTech",https://opendata.swiss/en/dataset/covid-19-schweiz?detGeo=FL,33043,19791,0
Liechtenstein,2021-07-02,"Johnson&Johnson, Moderna, Pfizer/BioNTech",https://opendata.swiss/en/dataset/covid-19-schweiz?detGeo=FL,33642,19846,0
Liechtenstein,2021-07-05,"Johnson&Johnson, Moderna, Pfizer/BioNTech",https://opendata.swiss/en/dataset/covid-19-schweiz?detGeo=FL,33938,19863,0
Liechtenstein,2021-07-06,"Johnson&Johnson, Moderna, Pfizer/BioNTech",https://opendata.swiss/en/dataset/covid-19-schweiz?detGeo=FL,34476,20112,0
Liechtenstein,2021-07-07,"Johnson&Johnson, Moderna, Pfizer/BioNTech",https://opendata.swiss/en/dataset/covid-19-schweiz?detGeo=FL,35065,20169,0
Liechtenstein,2021-07-08,"Johnson&Johnson, Moderna, Pfizer/BioNTech",https://opendata.swiss/en/dataset/covid-19-schweiz?detGeo=FL,35654,20225,0
Liechtenstein,2021-07-09,"Johnson&Johnson, Moderna, Pfizer/BioNTech",https://opendata.swiss/en/dataset/covid-19-schweiz?detGeo=FL,36259,20310,0
Liechtenstein,2021-07-12,"Johnson&Johnson, Moderna, Pfizer/BioNTech",https://opendata.swiss/en/dataset/covid-19-schweiz?detGeo=FL,36843,20365,0
Liechtenstein,2021-07-13,"Johnson&Johnson, Moderna, Pfizer/BioNTech",https://opendata.swiss/en/dataset/covid-19-schweiz?detGeo=FL,37430,20413,0
Liechtenstein,2021-07-14,"Johnson&Johnson, Moderna, Pfizer/BioNTech",https://opendata.swiss/en/dataset/covid-19-schweiz?detGeo=FL,37724,20440,0
Liechtenstein,2021-07-15,"Johnson&Johnson, Moderna, Pfizer/BioNTech",https://opendata.swiss/en/dataset/covid-19-schweiz?detGeo=FL,38273,20712,0
Liechtenstein,2021-07-16,"Johnson&Johnson, Moderna, Pfizer/BioNTech",https://opendata.swiss/en/dataset/covid-19-schweiz?detGeo=FL,38589,20723,0
Liechtenstein,2021-07-20,"Johnson&Johnson, Moderna, Pfizer/BioNTech",https://opendata.swiss/en/dataset/covid-19-schweiz?detGeo=FL,38589,20728,0
Liechtenstein,2021-07-21,"Johnson&Johnson, Moderna, Pfizer/BioNTech",https://opendata.swiss/en/dataset/covid-19-schweiz?detGeo=FL,38589,20730,0
Liechtenstein,2021-07-22,"Johnson&Johnson, Moderna, Pfizer/BioNTech",https://opendata.swiss/en/dataset/covid-19-schweiz?detGeo=FL,38834,20752,0
Liechtenstein,2021-07-23,"Johnson&Johnson, Moderna, Pfizer/BioNTech",https://opendata.swiss/en/dataset/covid-19-schweiz?detGeo=FL,39224,20759,0
Liechtenstein,2021-07-24,"Johnson&Johnson, Moderna, Pfizer/BioNTech",https://opendata.swiss/en/dataset/covid-19-schweiz?detGeo=FL,39224,20760,0
Liechtenstein,2021-07-27,"Johnson&Johnson, Moderna, Pfizer/BioNTech",https://opendata.swiss/en/dataset/covid-19-schweiz?detGeo=FL,39224,20762,0
Liechtenstein,2021-07-29,"Johnson&Johnson, Moderna, Pfizer/BioNTech",https://opendata.swiss/en/dataset/covid-19-schweiz?detGeo=FL,39224,20763,0
Liechtenstein,2021-07-30,"Johnson&Johnson, Moderna, Pfizer/BioNTech",https://opendata.swiss/en/dataset/covid-19-schweiz?detGeo=FL,39224,20770,0
Liechtenstein,2021-07-31,"Johnson&Johnson, Moderna, Pfizer/BioNTech",https://opendata.swiss/en/dataset/covid-19-schweiz?detGeo=FL,39224,20771,0
Liechtenstein,2021-08-06,"Johnson&Johnson, Moderna, Pfizer/BioNTech",https://opendata.swiss/en/dataset/covid-19-schweiz?detGeo=FL,39224,20773,0
Liechtenstein,2021-08-09,"Johnson&Johnson, Moderna, Pfizer/BioNTech",https://opendata.swiss/en/dataset/covid-19-schweiz?detGeo=FL,39814,20792,0
Liechtenstein,2021-08-10,"Johnson&Johnson, Moderna, Pfizer/BioNTech",https://opendata.swiss/en/dataset/covid-19-schweiz?detGeo=FL,40096,20968,0
Liechtenstein,2021-08-11,"Johnson&Johnson, Moderna, Pfizer/BioNTech",https://opendata.swiss/en/dataset/covid-19-schweiz?detGeo=FL,40410,20989,0
Liechtenstein,2021-08-12,"Johnson&Johnson, Moderna, Pfizer/BioNTech",https://opendata.swiss/en/dataset/covid-19-schweiz?detGeo=FL,40632,20993,0
Liechtenstein,2021-08-13,"Johnson&Johnson, Moderna, Pfizer/BioNTech",https://opendata.swiss/en/dataset/covid-19-schweiz?detGeo=FL,40942,21304,0
Liechtenstein,2021-08-16,"Johnson&Johnson, Moderna, Pfizer/BioNTech",https://opendata.swiss/en/dataset/covid-19-schweiz?detGeo=FL,41231,21325,0
Liechtenstein,2021-08-17,"Johnson&Johnson, Moderna, Pfizer/BioNTech",https://opendata.swiss/en/dataset/covid-19-schweiz?detGeo=FL,41517,21546,0
Liechtenstein,2021-08-18,"Johnson&Johnson, Moderna, Pfizer/BioNTech",https://opendata.swiss/en/dataset/covid-19-schweiz?detGeo=FL,41761,21753,0
Liechtenstein,2021-08-20,"Johnson&Johnson, Moderna, Pfizer/BioNTech",https://opendata.swiss/en/dataset/covid-19-schweiz?detGeo=FL,41761,21757,0
Liechtenstein,2021-08-21,"Johnson&Johnson, Moderna, Pfizer/BioNTech",https://opendata.swiss/en/dataset/covid-19-schweiz?detGeo=FL,42166,22129,0
Liechtenstein,2021-08-23,"Johnson&Johnson, Moderna, Pfizer/BioNTech",https://opendata.swiss/en/dataset/covid-19-schweiz?detGeo=FL,42312,22244,0
Liechtenstein,2021-08-24,"Johnson&Johnson, Moderna, Pfizer/BioNTech",https://opendata.swiss/en/dataset/covid-19-schweiz?detGeo=FL,42593,22520,0
Liechtenstein,2021-08-25,"Johnson&Johnson, Moderna, Pfizer/BioNTech",https://opendata.swiss/en/dataset/covid-19-schweiz?detGeo=FL,42726,22646,0
Liechtenstein,2021-08-26,"Johnson&Johnson, Moderna, Pfizer/BioNTech",https://opendata.swiss/en/dataset/covid-19-schweiz?detGeo=FL,42863,22767,0
Liechtenstein,2021-08-27,"Johnson&Johnson, Moderna, Pfizer/BioNTech",https://opendata.swiss/en/dataset/covid-19-schweiz?detGeo=FL,43159,23058,0
Liechtenstein,2021-09-02,"Johnson&Johnson, Moderna, Pfizer/BioNTech",https://opendata.swiss/en/dataset/covid-19-schweiz?detGeo=FL,43159,23059,0
Liechtenstein,2021-09-03,"Johnson&Johnson, Moderna, Pfizer/BioNTech",https://opendata.swiss/en/dataset/covid-19-schweiz?detGeo=FL,43159,23066,0
Liechtenstein,2021-09-04,"Johnson&Johnson, Moderna, Pfizer/BioNTech",https://opendata.swiss/en/dataset/covid-19-schweiz?detGeo=FL,43159,23068,0
Liechtenstein,2021-09-06,"Johnson&Johnson, Moderna, Pfizer/BioNTech",https://opendata.swiss/en/dataset/covid-19-schweiz?detGeo=FL,43159,23069,0
Liechtenstein,2021-09-07,"Johnson&Johnson, Moderna, Pfizer/BioNTech",https://opendata.swiss/en/dataset/covid-19-schweiz?detGeo=FL,43315,23078,0
Liechtenstein,2021-09-08,"Johnson&Johnson, Moderna, Pfizer/BioNTech",https://opendata.swiss/en/dataset/covid-19-schweiz?detGeo=FL,43315,23080,0
Liechtenstein,2021-09-09,"Johnson&Johnson, Moderna, Pfizer/BioNTech",https://opendata.swiss/en/dataset/covid-19-schweiz?detGeo=FL,43316,23082,0
Liechtenstein,2021-09-10,"Johnson&Johnson, Moderna, Pfizer/BioNTech",https://opendata.swiss/en/dataset/covid-19-schweiz?detGeo=FL,43626,23100,0
Liechtenstein,2021-09-11,"Johnson&Johnson, Moderna, Pfizer/BioNTech",https://opendata.swiss/en/dataset/covid-19-schweiz?detGeo=FL,43626,23101,0
Liechtenstein,2021-09-13,"Johnson&Johnson, Moderna, Pfizer/BioNTech",https://opendata.swiss/en/dataset/covid-19-schweiz?detGeo=FL,44272,23733,0
Liechtenstein,2021-09-14,"Johnson&Johnson, Moderna, Pfizer/BioNTech",https://opendata.swiss/en/dataset/covid-19-schweiz?detGeo=FL,44584,23803,0
Liechtenstein,2021-09-15,"Johnson&Johnson, Moderna, Pfizer/BioNTech",https://opendata.swiss/en/dataset/covid-19-schweiz?detGeo=FL,44800,23825,0
Liechtenstein,2021-09-16,"Johnson&Johnson, Moderna, Pfizer/BioNTech",https://opendata.swiss/en/dataset/covid-19-schweiz?detGeo=FL,44810,23837,0
Liechtenstein,2021-09-17,"Johnson&Johnson, Moderna, Pfizer/BioNTech",https://opendata.swiss/en/dataset/covid-19-schweiz?detGeo=FL,44998,24027,0
Liechtenstein,2021-09-18,"Johnson&Johnson, Moderna, Pfizer/BioNTech",https://opendata.swiss/en/dataset/covid-19-schweiz?detGeo=FL,45382,24030,0
Liechtenstein,2021-09-20,"Johnson&Johnson, Moderna, Pfizer/BioNTech",https://opendata.swiss/en/dataset/covid-19-schweiz?detGeo=FL,45746,24257,0
Liechtenstein,2021-09-21,"Johnson&Johnson, Moderna, Pfizer/BioNTech",https://opendata.swiss/en/dataset/covid-19-schweiz?detGeo=FL,46116,24326,0
Liechtenstein,2021-09-22,"Johnson&Johnson, Moderna, Pfizer/BioNTech",https://opendata.swiss/en/dataset/covid-19-schweiz?detGeo=FL,46255,24349,0
Liechtenstein,2021-09-23,"Johnson&Johnson, Moderna, Pfizer/BioNTech",https://opendata.swiss/en/dataset/covid-19-schweiz?detGeo=FL,46401,24364,0
Liechtenstein,2021-09-24,"Johnson&Johnson, Moderna, Pfizer/BioNTech",https://opendata.swiss/en/dataset/covid-19-schweiz?detGeo=FL,46735,24406,0
Liechtenstein,2021-09-25,"Johnson&Johnson, Moderna, Pfizer/BioNTech",https://opendata.swiss/en/dataset/covid-19-schweiz?detGeo=FL,46735,24407,0
Liechtenstein,2021-09-27,"Johnson&Johnson, Moderna, Pfizer/BioNTech",https://opendata.swiss/en/dataset/covid-19-schweiz?detGeo=FL,46762,24428,0
Liechtenstein,2021-09-28,"Johnson&Johnson, Moderna, Pfizer/BioNTech",https://opendata.swiss/en/dataset/covid-19-schweiz?detGeo=FL,46854,24518,0
Liechtenstein,2021-09-29,"Johnson&Johnson, Moderna, Pfizer/BioNTech",https://opendata.swiss/en/dataset/covid-19-schweiz?detGeo=FL,46874,24543,0
Liechtenstein,2021-09-30,"Johnson&Johnson, Moderna, Pfizer/BioNTech",https://opendata.swiss/en/dataset/covid-19-schweiz?detGeo=FL,46882,24557,0
Liechtenstein,2021-10-01,"Johnson&Johnson, Moderna, Pfizer/BioNTech",https://opendata.swiss/en/dataset/covid-19-schweiz?detGeo=FL,46910,24585,0
Liechtenstein,2021-10-02,"Johnson&Johnson, Moderna, Pfizer/BioNTech",https://opendata.swiss/en/dataset/covid-19-schweiz?detGeo=FL,46910,24588,0
Liechtenstein,2021-10-04,"Johnson&Johnson, Moderna, Pfizer/BioNTech",https://opendata.swiss/en/dataset/covid-19-schweiz?detGeo=FL,46929,24606,0
Liechtenstein,2021-10-06,"Johnson&Johnson, Moderna, Pfizer/BioNTech",https://opendata.swiss/en/dataset/covid-19-schweiz?detGeo=FL,46949,24626,0
Liechtenstein,2021-10-07,"Johnson&Johnson, Moderna, Pfizer/BioNTech",https://opendata.swiss/en/dataset/covid-19-schweiz?detGeo=FL,47072,24745,0
Liechtenstein,2021-10-08,"Johnson&Johnson, Moderna, Pfizer/BioNTech",https://opendata.swiss/en/dataset/covid-19-schweiz?detGeo=FL,47099,24764,0
Liechtenstein,2021-10-11,"Johnson&Johnson, Moderna, Pfizer/BioNTech",https://opendata.swiss/en/dataset/covid-19-schweiz?detGeo=FL,47099,24765,0
Liechtenstein,2021-10-12,"Johnson&Johnson, Moderna, Pfizer/BioNTech",https://opendata.swiss/en/dataset/covid-19-schweiz?detGeo=FL,47173,24787,0
Liechtenstein,2021-10-13,"Johnson&Johnson, Moderna, Pfizer/BioNTech",https://opendata.swiss/en/dataset/covid-19-schweiz?detGeo=FL,47194,24790,0
Liechtenstein,2021-10-14,"Johnson&Johnson, Moderna, Pfizer/BioNTech",https://opendata.swiss/en/dataset/covid-19-schweiz?detGeo=FL,47223,24800,0
Liechtenstein,2021-10-15,"Johnson&Johnson, Moderna, Pfizer/BioNTech",https://opendata.swiss/en/dataset/covid-19-schweiz?detGeo=FL,47263,24802,0
Liechtenstein,2021-10-16,"Johnson&Johnson, Moderna, Pfizer/BioNTech",https://opendata.swiss/en/dataset/covid-19-schweiz?detGeo=FL,47263,24805,0
Liechtenstein,2021-10-17,"Johnson&Johnson, Moderna, Pfizer/BioNTech",https://opendata.swiss/en/dataset/covid-19-schweiz?detGeo=FL,47263,24806,0
Liechtenstein,2021-10-18,"Johnson&Johnson, Moderna, Pfizer/BioNTech",https://opendata.swiss/en/dataset/covid-19-schweiz?detGeo=FL,47547,24809,0
Liechtenstein,2021-10-19,"Johnson&Johnson, Moderna, Pfizer/BioNTech",https://opendata.swiss/en/dataset/covid-19-schweiz?detGeo=FL,47977,24820,0
Liechtenstein,2021-10-20,"Johnson&Johnson, Moderna, Pfizer/BioNTech",https://opendata.swiss/en/dataset/covid-19-schweiz?detGeo=FL,48241,24832,0
Liechtenstein,2021-10-21,"Johnson&Johnson, Moderna, Pfizer/BioNTech",https://opendata.swiss/en/dataset/covid-19-schweiz?detGeo=FL,48266,24848,0
Liechtenstein,2021-10-22,"Johnson&Johnson, Moderna, Pfizer/BioNTech",https://opendata.swiss/en/dataset/covid-19-schweiz?detGeo=FL,48312,24860,0
Liechtenstein,2021-10-23,"Johnson&Johnson, Moderna, Pfizer/BioNTech",https://opendata.swiss/en/dataset/covid-19-schweiz?detGeo=FL,48312,24861,0
Liechtenstein,2021-10-25,"Johnson&Johnson, Moderna, Pfizer/BioNTech",https://opendata.swiss/en/dataset/covid-19-schweiz?detGeo=FL,48434,24953,0
Liechtenstein,2021-10-26,"Johnson&Johnson, Moderna, Pfizer/BioNTech",https://opendata.swiss/en/dataset/covid-19-schweiz?detGeo=FL,48546,24966,0
Liechtenstein,2021-10-27,"Johnson&Johnson, Moderna, Pfizer/BioNTech",https://opendata.swiss/en/dataset/covid-19-schweiz?detGeo=FL,48630,25024,0
Liechtenstein,2021-10-28,"Johnson&Johnson, Moderna, Pfizer/BioNTech",https://opendata.swiss/en/dataset/covid-19-schweiz?detGeo=FL,48712,25083,0
Liechtenstein,2021-10-29,"Johnson&Johnson, Moderna, Pfizer/BioNTech",https://opendata.swiss/en/dataset/covid-19-schweiz?detGeo=FL,48748,25087,0
Liechtenstein,2021-11-01,"Johnson&Johnson, Moderna, Pfizer/BioNTech",https://opendata.swiss/en/dataset/covid-19-schweiz?detGeo=FL,48748,25088,0
Liechtenstein,2021-11-02,"Johnson&Johnson, Moderna, Pfizer/BioNTech",https://opendata.swiss/en/dataset/covid-19-schweiz?detGeo=FL,48892,25203,0
Liechtenstein,2021-11-03,"Johnson&Johnson, Moderna, Pfizer/BioNTech",https://opendata.swiss/en/dataset/covid-19-schweiz?detGeo=FL,48981,25258,0
Liechtenstein,2021-11-04,"Johnson&Johnson, Moderna, Pfizer/BioNTech",https://opendata.swiss/en/dataset/covid-19-schweiz?detGeo=FL,49096,25261,0
Liechtenstein,2021-11-05,"Johnson&Johnson, Moderna, Pfizer/BioNTech",https://opendata.swiss/en/dataset/covid-19-schweiz?detGeo=FL,49153,25285,0
Liechtenstein,2021-11-08,"Johnson&Johnson, Moderna, Pfizer/BioNTech",https://opendata.swiss/en/dataset/covid-19-schweiz?detGeo=FL,49248,25368,0
Liechtenstein,2021-11-09,"Johnson&Johnson, Moderna, Pfizer/BioNTech",https://opendata.swiss/en/dataset/covid-19-schweiz?detGeo=FL,49297,25380,1
Liechtenstein,2021-11-10,"Johnson&Johnson, Moderna, Pfizer/BioNTech",https://opendata.swiss/en/dataset/covid-19-schweiz?detGeo=FL,49321,25389,1
Liechtenstein,2021-11-11,"Johnson&Johnson, Moderna, Pfizer/BioNTech",https://opendata.swiss/en/dataset/covid-19-schweiz?detGeo=FL,49409,25465,1
Liechtenstein,2021-11-12,"Johnson&Johnson, Moderna, Pfizer/BioNTech",https://opendata.swiss/en/dataset/covid-19-schweiz?detGeo=FL,49487,25531,2
Liechtenstein,2021-11-13,"Johnson&Johnson, Moderna, Pfizer/BioNTech",https://opendata.swiss/en/dataset/covid-19-schweiz?detGeo=FL,49487,25533,2
Liechtenstein,2021-11-15,"Johnson&Johnson, Moderna, Pfizer/BioNTech",https://opendata.swiss/en/dataset/covid-19-schweiz?detGeo=FL,49508,25545,4
Liechtenstein,2021-11-16,"Johnson&Johnson, Moderna, Pfizer/BioNTech",https://opendata.swiss/en/dataset/covid-19-schweiz?detGeo=FL,49574,25568,17
Liechtenstein,2021-11-17,"Johnson&Johnson, Moderna, Pfizer/BioNTech",https://opendata.swiss/en/dataset/covid-19-schweiz?detGeo=FL,49596,25584,20
Liechtenstein,2021-11-18,"Johnson&Johnson, Moderna, Pfizer/BioNTech",https://opendata.swiss/en/dataset/covid-19-schweiz?detGeo=FL,49694,25594,107
Liechtenstein,2021-11-19,"Johnson&Johnson, Moderna, Pfizer/BioNTech",https://opendata.swiss/en/dataset/covid-19-schweiz?detGeo=FL,49858,25602,245
Liechtenstein,2021-11-20,"Johnson&Johnson, Moderna, Pfizer/BioNTech",https://opendata.swiss/en/dataset/covid-19-schweiz?detGeo=FL,49858,25604,247
Liechtenstein,2021-11-22,"Johnson&Johnson, Moderna, Pfizer/BioNTech",https://opendata.swiss/en/dataset/covid-19-schweiz?detGeo=FL,50060,25627,354
Liechtenstein,2021-11-23,"Johnson&Johnson, Moderna, Pfizer/BioNTech",https://opendata.swiss/en/dataset/covid-19-schweiz?detGeo=FL,50211,25657,459
Liechtenstein,2021-11-24,"Johnson&Johnson, Moderna, Pfizer/BioNTech",https://opendata.swiss/en/dataset/covid-19-schweiz?detGeo=FL,50509,25675,664
Liechtenstein,2021-11-25,"Johnson&Johnson, Moderna, Pfizer/BioNTech",https://opendata.swiss/en/dataset/covid-19-schweiz?detGeo=FL,50571,25689,707
Liechtenstein,2021-11-26,"Johnson&Johnson, Moderna, Pfizer/BioNTech",https://opendata.swiss/en/dataset/covid-19-schweiz?detGeo=FL,50590,25699,722
Liechtenstein,2021-11-27,"Johnson&Johnson, Moderna, Pfizer/BioNTech",https://opendata.swiss/en/dataset/covid-19-schweiz?detGeo=FL,50611,25701,748
Liechtenstein,2021-11-28,"Johnson&Johnson, Moderna, Pfizer/BioNTech",https://opendata.swiss/en/dataset/covid-19-schweiz?detGeo=FL,50611,25701,749
Liechtenstein,2021-11-29,"Johnson&Johnson, Moderna, Pfizer/BioNTech",https://opendata.swiss/en/dataset/covid-19-schweiz?detGeo=FL,51046,25728,1111
Liechtenstein,2021-11-30,"Johnson&Johnson, Moderna, Pfizer/BioNTech",https://opendata.swiss/en/dataset/covid-19-schweiz?detGeo=FL,51149,25741,1185
Liechtenstein,2021-12-01,"Johnson&Johnson, Moderna, Pfizer/BioNTech",https://opendata.swiss/en/dataset/covid-19-schweiz?detGeo=FL,51599,25765,1534
Liechtenstein,2021-12-02,"Johnson&Johnson, Moderna, Pfizer/BioNTech",https://opendata.swiss/en/dataset/covid-19-schweiz?detGeo=FL,51820,25776,1685
Liechtenstein,2021-12-03,"Johnson&Johnson, Moderna, Pfizer/BioNTech",https://opendata.swiss/en/dataset/covid-19-schweiz?detGeo=FL,51848,25783,1740
Liechtenstein,2021-12-04,"Johnson&Johnson, Moderna, Pfizer/BioNTech",https://opendata.swiss/en/dataset/covid-19-schweiz?detGeo=FL,51848,25783,1743
Liechtenstein,2021-12-06,"Johnson&Johnson, Moderna, Pfizer/BioNTech",https://opendata.swiss/en/dataset/covid-19-schweiz?detGeo=FL,52241,25812,2018
Liechtenstein,2021-12-07,"Johnson&Johnson, Moderna, Pfizer/BioNTech",https://opendata.swiss/en/dataset/covid-19-schweiz?detGeo=FL,53038,25853,2767
Liechtenstein,2021-12-08,"Johnson&Johnson, Moderna, Pfizer/BioNTech",https://opendata.swiss/en/dataset/covid-19-schweiz?detGeo=FL,53853,25867,3569
Liechtenstein,2021-12-09,"Johnson&Johnson, Moderna, Pfizer/BioNTech",https://opendata.swiss/en/dataset/covid-19-schweiz?detGeo=FL,54674,25881,4375
Liechtenstein,2021-12-10,"Johnson&Johnson, Moderna, Pfizer/BioNTech",https://opendata.swiss/en/dataset/covid-19-schweiz?detGeo=FL,55324,25897,4958
Liechtenstein,2021-12-11,"Johnson&Johnson, Moderna, Pfizer/BioNTech",https://opendata.swiss/en/dataset/covid-19-schweiz?detGeo=FL,55924,25912,5548
Liechtenstein,2021-12-12,"Johnson&Johnson, Moderna, Pfizer/BioNTech",https://opendata.swiss/en/dataset/covid-19-schweiz?detGeo=FL,56169,25912,5792
Liechtenstein,2021-12-13,"Johnson&Johnson, Moderna, Pfizer/BioNTech",https://opendata.swiss/en/dataset/covid-19-schweiz?detGeo=FL,56839,25941,6332
Liechtenstein,2021-12-14,"Johnson&Johnson, Moderna, Pfizer/BioNTech",https://opendata.swiss/en/dataset/covid-19-schweiz?detGeo=FL,57812,25968,7258
Liechtenstein,2021-12-15,"Johnson&Johnson, Moderna, Pfizer/BioNTech",https://opendata.swiss/en/dataset/covid-19-schweiz?detGeo=FL,58647,25984,8061
Liechtenstein,2021-12-16,"Johnson&Johnson, Moderna, Pfizer/BioNTech",https://opendata.swiss/en/dataset/covid-19-schweiz?detGeo=FL,59464,26011,8846
Liechtenstein,2021-12-17,"Johnson&Johnson, Moderna, Pfizer/BioNTech",https://opendata.swiss/en/dataset/covid-19-schweiz?detGeo=FL,60373,26037,9737
Liechtenstein,2021-12-18,"Johnson&Johnson, Moderna, Pfizer/BioNTech",https://opendata.swiss/en/dataset/covid-19-schweiz?detGeo=FL,60965,26053,10313
Liechtenstein,2021-12-19,"Johnson&Johnson, Moderna, Pfizer/BioNTech",https://opendata.swiss/en/dataset/covid-19-schweiz?detGeo=FL,61211,26053,10559
Liechtenstein,2021-12-20,"Johnson&Johnson, Moderna, Pfizer/BioNTech",https://opendata.swiss/en/dataset/covid-19-schweiz?detGeo=FL,61920,26086,11199
Liechtenstein,2021-12-21,"Johnson&Johnson, Moderna, Pfizer/BioNTech",https://opendata.swiss/en/dataset/covid-19-schweiz?detGeo=FL,62427,26114,11654
Liechtenstein,2021-12-22,"Johnson&Johnson, Moderna, Pfizer/BioNTech",https://opendata.swiss/en/dataset/covid-19-schweiz?detGeo=FL,62923,26147,12106
Liechtenstein,2021-12-23,"Johnson&Johnson, Moderna, Pfizer/BioNTech",https://opendata.swiss/en/dataset/covid-19-schweiz?detGeo=FL,62948,26149,12122
Liechtenstein,2021-12-24,"Johnson&Johnson, Moderna, Pfizer/BioNTech",https://opendata.swiss/en/dataset/covid-19-schweiz?detGeo=FL,62954,26149,12124
Liechtenstein,2021-12-27,"Johnson&Johnson, Moderna, Pfizer/BioNTech",https://opendata.swiss/en/dataset/covid-19-schweiz?detGeo=FL,62954,26151,12127
Liechtenstein,2021-12-28,"Johnson&Johnson, Moderna, Pfizer/BioNTech",https://opendata.swiss/en/dataset/covid-19-schweiz?detGeo=FL,63015,26156,12168
Liechtenstein,2021-12-29,"Johnson&Johnson, Moderna, Pfizer/BioNTech",https://opendata.swiss/en/dataset/covid-19-schweiz?detGeo=FL,63015,26157,12171
Liechtenstein,2021-12-30,"Johnson&Johnson, Moderna, Pfizer/BioNTech",https://opendata.swiss/en/dataset/covid-19-schweiz?detGeo=FL,63015,26157,12173
Liechtenstein,2022-01-03,"Johnson&Johnson, Moderna, Pfizer/BioNTech",https://opendata.swiss/en/dataset/covid-19-schweiz?detGeo=FL,63571,26202,12647
Liechtenstein,2022-01-04,"Johnson&Johnson, Moderna, Pfizer/BioNTech",https://opendata.swiss/en/dataset/covid-19-schweiz?detGeo=FL,64105,26224,13130
Liechtenstein,2022-01-05,"Johnson&Johnson, Moderna, Pfizer/BioNTech",https://opendata.swiss/en/dataset/covid-19-schweiz?detGeo=FL,64623,26230,13628
Liechtenstein,2022-01-06,"Johnson&Johnson, Moderna, Pfizer/BioNTech",https://opendata.swiss/en/dataset/covid-19-schweiz?detGeo=FL,64623,26232,13631
Liechtenstein,2022-01-07,"Johnson&Johnson, Moderna, Pfizer/BioNTech",https://opendata.swiss/en/dataset/covid-19-schweiz?detGeo=FL,64661,26236,13651
Liechtenstein,2022-01-08,"Johnson&Johnson, Moderna, Pfizer/BioNTech",https://opendata.swiss/en/dataset/covid-19-schweiz?detGeo=FL,64809,26384,13651
Liechtenstein,2022-01-10,"Johnson&Johnson, Moderna, Pfizer/BioNTech",https://opendata.swiss/en/dataset/covid-19-schweiz?detGeo=FL,65323,26392,14119
Liechtenstein,2022-01-11,"Johnson&Johnson, Moderna, Pfizer/BioNTech",https://opendata.swiss/en/dataset/covid-19-schweiz?detGeo=FL,65854,26410,14594
Liechtenstein,2022-01-12,"Johnson&Johnson, Moderna, Pfizer/BioNTech",https://opendata.swiss/en/dataset/covid-19-schweiz?detGeo=FL,66210,26424,14911
Liechtenstein,2022-01-13,"Johnson&Johnson, Moderna, Pfizer/BioNTech",https://opendata.swiss/en/dataset/covid-19-schweiz?detGeo=FL,66539,26435,15214
Liechtenstein,2022-01-14,"Johnson&Johnson, Moderna, Pfizer/BioNTech",https://opendata.swiss/en/dataset/covid-19-schweiz?detGeo=FL,67040,26447,15665
Liechtenstein,2022-01-15,"Johnson&Johnson, Moderna, Pfizer/BioNTech",https://opendata.swiss/en/dataset/covid-19-schweiz?detGeo=FL,67040,26447,15667
Liechtenstein,2022-01-17,"Johnson&Johnson, Moderna, Pfizer/BioNTech",https://opendata.swiss/en/dataset/covid-19-schweiz?detGeo=FL,67451,26500,16001
Liechtenstein,2022-01-18,"Johnson&Johnson, Moderna, Pfizer/BioNTech",https://opendata.swiss/en/dataset/covid-19-schweiz?detGeo=FL,67692,26514,16211
Liechtenstein,2022-01-19,"Johnson&Johnson, Moderna, Pfizer/BioNTech",https://opendata.swiss/en/dataset/covid-19-schweiz?detGeo=FL,67929,26525,16408
Liechtenstein,2022-01-20,"Johnson&Johnson, Moderna, Pfizer/BioNTech",https://opendata.swiss/en/dataset/covid-19-schweiz?detGeo=FL,68172,26584,16586
Liechtenstein,2022-01-21,"Johnson&Johnson, Moderna, Pfizer/BioNTech",https://opendata.swiss/en/dataset/covid-19-schweiz?detGeo=FL,68528,26591,16927
Liechtenstein,2022-01-22,"Johnson&Johnson, Moderna, Pfizer/BioNTech",https://opendata.swiss/en/dataset/covid-19-schweiz?detGeo=FL,68528,26592,16927
Liechtenstein,2022-01-24,"Johnson&Johnson, Moderna, Pfizer/BioNTech",https://opendata.swiss/en/dataset/covid-19-schweiz?detGeo=FL,68545,26594,16938
Liechtenstein,2022-01-25,"Johnson&Johnson, Moderna, Pfizer/BioNTech",https://opendata.swiss/en/dataset/covid-19-schweiz?detGeo=FL,68579,26596,16970
Liechtenstein,2022-01-26,"Johnson&Johnson, Moderna, Pfizer/BioNTech",https://opendata.swiss/en/dataset/covid-19-schweiz?detGeo=FL,68765,26622,17127
Liechtenstein,2022-01-27,"Johnson&Johnson, Moderna, Pfizer/BioNTech",https://opendata.swiss/en/dataset/covid-19-schweiz?detGeo=FL,68765,26624,17133
Liechtenstein,2022-01-28,"Johnson&Johnson, Moderna, Pfizer/BioNTech",https://opendata.swiss/en/dataset/covid-19-schweiz?detGeo=FL,68777,26626,17149
Liechtenstein,2022-01-31,"Johnson&Johnson, Moderna, Pfizer/BioNTech",https://opendata.swiss/en/dataset/covid-19-schweiz?detGeo=FL,69088,26645,17403
Liechtenstein,2022-02-01,"Johnson&Johnson, Moderna, Pfizer/BioNTech",https://opendata.swiss/en/dataset/covid-19-schweiz?detGeo=FL,69356,26676,17612
Liechtenstein,2022-02-02,"Johnson&Johnson, Moderna, Pfizer/BioNTech",https://opendata.swiss/en/dataset/covid-19-schweiz?detGeo=FL,69356,26676,17613
Liechtenstein,2022-02-04,"Johnson&Johnson, Moderna, Pfizer/BioNTech",https://opendata.swiss/en/dataset/covid-19-schweiz?detGeo=FL,69367,26676,17622
Liechtenstein,2022-02-05,"Johnson&Johnson, Moderna, Pfizer/BioNTech",https://opendata.swiss/en/dataset/covid-19-schweiz?detGeo=FL,69477,26676,17622
Liechtenstein,2022-02-07,"Johnson&Johnson, Moderna, Pfizer/BioNTech",https://opendata.swiss/en/dataset/covid-19-schweiz?detGeo=FL,69579,26676,17715
Liechtenstein,2022-02-08,"Johnson&Johnson, Moderna, Pfizer/BioNTech",https://opendata.swiss/en/dataset/covid-19-schweiz?detGeo=FL,69729,26687,17814
Liechtenstein,2022-02-09,"Johnson&Johnson, Moderna, Pfizer/BioNTech",https://opendata.swiss/en/dataset/covid-19-schweiz?detGeo=FL,69742,26687,17823
Liechtenstein,2022-02-10,"Johnson&Johnson, Moderna, Pfizer/BioNTech",https://opendata.swiss/en/dataset/covid-19-schweiz?detGeo=FL,69742,26687,17824
Liechtenstein,2022-02-11,"Johnson&Johnson, Moderna, Pfizer/BioNTech",https://opendata.swiss/en/dataset/covid-19-schweiz?detGeo=FL,69742,26687,17825
Liechtenstein,2022-02-12,"Johnson&Johnson, Moderna, Pfizer/BioNTech",https://opendata.swiss/en/dataset/covid-19-schweiz?detGeo=FL,69946,26699,18005
Liechtenstein,2022-02-14,"Johnson&Johnson, Moderna, Pfizer/BioNTech",https://opendata.swiss/en/dataset/covid-19-schweiz?detGeo=FL,69957,26699,18014
Liechtenstein,2022-02-15,"Johnson&Johnson, Moderna, Pfizer/BioNTech",https://opendata.swiss/en/dataset/covid-19-schweiz?detGeo=FL,69962,26699,18020
Liechtenstein,2022-02-16,"Johnson&Johnson, Moderna, Pfizer/BioNTech",https://opendata.swiss/en/dataset/covid-19-schweiz?detGeo=FL,69973,26699,18031
Liechtenstein,2022-02-17,"Johnson&Johnson, Moderna, Pfizer/BioNTech",https://opendata.swiss/en/dataset/covid-19-schweiz?detGeo=FL,70111,26704,18106
Liechtenstein,2022-02-19,"Johnson&Johnson, Moderna, Pfizer/BioNTech",https://opendata.swiss/en/dataset/covid-19-schweiz?detGeo=FL,70111,26704,18107
Liechtenstein,2022-02-22,"Johnson&Johnson, Moderna, Pfizer/BioNTech",https://opendata.swiss/en/dataset/covid-19-schweiz?detGeo=FL,70233,26708,18168
Liechtenstein,2022-02-25,"Johnson&Johnson, Moderna, Pfizer/BioNTech",https://opendata.swiss/en/dataset/covid-19-schweiz?detGeo=FL,70233,26708,18169
Liechtenstein,2022-02-27,"Johnson&Johnson, Moderna, Pfizer/BioNTech",https://opendata.swiss/en/dataset/covid-19-schweiz?detGeo=FL,70233,26708,18171
Liechtenstein,2022-03-02,"Johnson&Johnson, Moderna, Pfizer/BioNTech",https://opendata.swiss/en/dataset/covid-19-schweiz?detGeo=FL,70233,26708,18172
Liechtenstein,2022-03-05,"Johnson&Johnson, Moderna, Pfizer/BioNTech",https://opendata.swiss/en/dataset/covid-19-schweiz?detGeo=FL,70233,26709,18172
Liechtenstein,2022-03-07,"Johnson&Johnson, Moderna, Pfizer/BioNTech",https://opendata.swiss/en/dataset/covid-19-schweiz?detGeo=FL,70237,26709,18174
Liechtenstein,2022-03-09,"Johnson&Johnson, Moderna, Pfizer/BioNTech",https://opendata.swiss/en/dataset/covid-19-schweiz?detGeo=FL,70237,26709,18175
Liechtenstein,2022-03-11,"Johnson&Johnson, Moderna, Pfizer/BioNTech",https://opendata.swiss/en/dataset/covid-19-schweiz?detGeo=FL,70340,26715,18238
Liechtenstein,2022-03-12,"Johnson&Johnson, Moderna, Pfizer/BioNTech",https://opendata.swiss/en/dataset/covid-19-schweiz?detGeo=FL,70340,26716,18239
Liechtenstein,2022-03-23,"Johnson&Johnson, Moderna, Pfizer/BioNTech",https://opendata.swiss/en/dataset/covid-19-schweiz?detGeo=FL,70340,26717,18239
Liechtenstein,2022-03-24,"Johnson&Johnson, Moderna, Pfizer/BioNTech",https://opendata.swiss/en/dataset/covid-19-schweiz?detGeo=FL,70438,26721,18323
Liechtenstein,2022-04-01,"Johnson&Johnson, Moderna, Pfizer/BioNTech",https://opendata.swiss/en/dataset/covid-19-schweiz?detGeo=FL,70438,26722,18323
Liechtenstein,2022-04-02,"Johnson&Johnson, Moderna, Pfizer/BioNTech",https://opendata.swiss/en/dataset/covid-19-schweiz?detGeo=FL,70438,26722,18324
Liechtenstein,2022-04-12,"Johnson&Johnson, Moderna, Pfizer/BioNTech",https://opendata.swiss/en/dataset/covid-19-schweiz?detGeo=FL,70516,26728,18390
Liechtenstein,2022-04-14,"Johnson&Johnson, Moderna, Pfizer/BioNTech",https://opendata.swiss/en/dataset/covid-19-schweiz?detGeo=FL,70516,26728,18391
Liechtenstein,2022-04-21,"Johnson&Johnson, Moderna, Pfizer/BioNTech",https://opendata.swiss/en/dataset/covid-19-schweiz?detGeo=FL,70516,26728,18393
Liechtenstein,2022-04-26,"Johnson&Johnson, Moderna, Pfizer/BioNTech",https://opendata.swiss/en/dataset/covid-19-schweiz?detGeo=FL,70572,26730,18444
Liechtenstein,2022-05-10,"Johnson&Johnson, Moderna, Pfizer/BioNTech",https://opendata.swiss/en/dataset/covid-19-schweiz?detGeo=FL,70631,26732,18498
Liechtenstein,2022-05-13,"Johnson&Johnson, Moderna, Pfizer/BioNTech",https://opendata.swiss/en/dataset/covid-19-schweiz?detGeo=FL,70631,26732,18500
Liechtenstein,2022-05-24,"Johnson&Johnson, Moderna, Pfizer/BioNTech",https://opendata.swiss/en/dataset/covid-19-schweiz?detGeo=FL,70687,26739,18545
Liechtenstein,2022-06-02,"Johnson&Johnson, Moderna, Pfizer/BioNTech",https://opendata.swiss/en/dataset/covid-19-schweiz?detGeo=FL,70687,26739,18546
Liechtenstein,2022-06-09,"Johnson&Johnson, Moderna, Pfizer/BioNTech",https://opendata.swiss/en/dataset/covid-19-schweiz?detGeo=FL,70736,26742,18584
Liechtenstein,2022-06-16,"Johnson&Johnson, Moderna, Pfizer/BioNTech",https://opendata.swiss/en/dataset/covid-19-schweiz?detGeo=FL,70736,26743,18584
Liechtenstein,2022-06-18,"Johnson&Johnson, Moderna, Pfizer/BioNTech",https://opendata.swiss/en/dataset/covid-19-schweiz?detGeo=FL,70736,26743,18585
Liechtenstein,2022-06-20,"Johnson&Johnson, Moderna, Pfizer/BioNTech",https://opendata.swiss/en/dataset/covid-19-schweiz?detGeo=FL,70736,26743,18586
Liechtenstein,2022-06-23,"Johnson&Johnson, Moderna, Pfizer/BioNTech",https://opendata.swiss/en/dataset/covid-19-schweiz?detGeo=FL,70784,26744,18627
Liechtenstein,2022-06-29,"Johnson&Johnson, Moderna, Pfizer/BioNTech",https://opendata.swiss/en/dataset/covid-19-schweiz?detGeo=FL,70784,26744,18629
Liechtenstein,2022-07-01,"Johnson&Johnson, Moderna, Pfizer/BioNTech",https://opendata.swiss/en/dataset/covid-19-schweiz?detGeo=FL,70784,26744,18630
Liechtenstein,2022-07-06,"Johnson&Johnson, Moderna, Pfizer/BioNTech",https://opendata.swiss/en/dataset/covid-19-schweiz?detGeo=FL,70784,26744,18633
Liechtenstein,2022-07-07,"Johnson&Johnson, Moderna, Pfizer/BioNTech",https://opendata.swiss/en/dataset/covid-19-schweiz?detGeo=FL,70835,26747,18673
Liechtenstein,2022-07-09,"Johnson&Johnson, Moderna, Pfizer/BioNTech",https://opendata.swiss/en/dataset/covid-19-schweiz?detGeo=FL,70835,26747,18676
Liechtenstein,2022-07-14,"Johnson&Johnson, Moderna, Pfizer/BioNTech",https://opendata.swiss/en/dataset/covid-19-schweiz?detGeo=FL,70835,26747,18677
Liechtenstein,2022-07-15,"Johnson&Johnson, Moderna, Pfizer/BioNTech",https://opendata.swiss/en/dataset/covid-19-schweiz?detGeo=FL,70835,26747,18680
Liechtenstein,2022-07-16,"Johnson&Johnson, Moderna, Pfizer/BioNTech",https://opendata.swiss/en/dataset/covid-19-schweiz?detGeo=FL,70835,26747,18681
Liechtenstein,2022-07-20,"Johnson&Johnson, Moderna, Novavax, Pfizer/BioNTech",https://opendata.swiss/en/dataset/covid-19-schweiz?detGeo=FL,70958,26747,18804
Liechtenstein,2022-07-21,"Johnson&Johnson, Moderna, Novavax, Pfizer/BioNTech",https://opendata.swiss/en/dataset/covid-19-schweiz?detGeo=FL,71045,26750,18881
Liechtenstein,2022-07-22,"Johnson&Johnson, Moderna, Novavax, Pfizer/BioNTech",https://opendata.swiss/en/dataset/covid-19-schweiz?detGeo=FL,71105,26750,18942
Liechtenstein,2022-07-26,"Johnson&Johnson, Moderna, Novavax, Pfizer/BioNTech",https://opendata.swiss/en/dataset/covid-19-schweiz?detGeo=FL,71187,26750,19023
Liechtenstein,2022-07-27,"Johnson&Johnson, Moderna, Novavax, Pfizer/BioNTech",https://opendata.swiss/en/dataset/covid-19-schweiz?detGeo=FL,71213,26750,19053
Liechtenstein,2022-07-28,"Johnson&Johnson, Moderna, Novavax, Pfizer/BioNTech",https://opendata.swiss/en/dataset/covid-19-schweiz?detGeo=FL,71269,26750,19109
Liechtenstein,2022-07-29,"Johnson&Johnson, Moderna, Novavax, Pfizer/BioNTech",https://opendata.swiss/en/dataset/covid-19-schweiz?detGeo=FL,71297,26751,19141
Liechtenstein,2022-08-04,"Johnson&Johnson, Moderna, Novavax, Pfizer/BioNTech",https://opendata.swiss/en/dataset/covid-19-schweiz?detGeo=FL,71363,26751,19201
Liechtenstein,2022-08-05,"Johnson&Johnson, Moderna, Novavax, Pfizer/BioNTech",https://opendata.swiss/en/dataset/covid-19-schweiz?detGeo=FL,71363,26752,19201
Liechtenstein,2022-08-08,"Johnson&Johnson, Moderna, Novavax, Pfizer/BioNTech",https://opendata.swiss/en/dataset/covid-19-schweiz?detGeo=FL,71363,26752,19202
Liechtenstein,2022-08-10,"Johnson&Johnson, Moderna, Novavax, Pfizer/BioNTech",https://opendata.swiss/en/dataset/covid-19-schweiz?detGeo=FL,71379,26752,19218
Liechtenstein,2022-08-12,"Johnson&Johnson, Moderna, Novavax, Pfizer/BioNTech",https://opendata.swiss/en/dataset/covid-19-schweiz?detGeo=FL,71379,26752,19220
Liechtenstein,2022-08-17,"Johnson&Johnson, Moderna, Novavax, Pfizer/BioNTech",https://opendata.swiss/en/dataset/covid-19-schweiz?detGeo=FL,71379,26752,19223
Liechtenstein,2022-08-19,"Johnson&Johnson, Moderna, Novavax, Pfizer/BioNTech",https://opendata.swiss/en/dataset/covid-19-schweiz?detGeo=FL,71379,26753,19224
Liechtenstein,2022-08-25,"Johnson&Johnson, Moderna, Novavax, Pfizer/BioNTech",https://opendata.swiss/en/dataset/covid-19-schweiz?detGeo=FL,71416,26755,19253
Liechtenstein,2022-08-26,"Johnson&Johnson, Moderna, Novavax, Pfizer/BioNTech",https://opendata.swiss/en/dataset/covid-19-schweiz?detGeo=FL,71416,26755,19254
Liechtenstein,2022-09-02,"Johnson&Johnson, Moderna, Novavax, Pfizer/BioNTech",https://opendata.swiss/en/dataset/covid-19-schweiz?detGeo=FL,71416,26755,19255
Liechtenstein,2022-09-09,"Johnson&Johnson, Moderna, Novavax, Pfizer/BioNTech",https://opendata.swiss/en/dataset/covid-19-schweiz?detGeo=FL,71416,26756,19255
Liechtenstein,2022-09-15,"Johnson&Johnson, Moderna, Novavax, Pfizer/BioNTech",https://opendata.swiss/en/dataset/covid-19-schweiz?detGeo=FL,71442,26756,19278
Liechtenstein,2022-09-21,"Johnson&Johnson, Moderna, Novavax, Pfizer/BioNTech",https://opendata.swiss/en/dataset/covid-19-schweiz?detGeo=FL,71442,26756,19280
Liechtenstein,2022-09-23,"Johnson&Johnson, Moderna, Novavax, Pfizer/BioNTech",https://opendata.swiss/en/dataset/covid-19-schweiz?detGeo=FL,71442,26756,19281
Liechtenstein,2022-09-29,"Johnson&Johnson, Moderna, Novavax, Pfizer/BioNTech",https://opendata.swiss/en/dataset/covid-19-schweiz?detGeo=FL,71468,26757,19303
Liechtenstein,2022-10-07,"Johnson&Johnson, Moderna, Novavax, Pfizer/BioNTech",https://opendata.swiss/en/dataset/covid-19-schweiz?detGeo=FL,71468,26758,19305
Liechtenstein,2022-10-10,"Johnson&Johnson, Moderna, Novavax, Pfizer/BioNTech",https://opendata.swiss/en/dataset/covid-19-schweiz?detGeo=FL,71705,26758,19542
Liechtenstein,2022-10-12,"Johnson&Johnson, Moderna, Novavax, Pfizer/BioNTech",https://opendata.swiss/en/dataset/covid-19-schweiz?detGeo=FL,71705,26758,19543
Liechtenstein,2022-10-13,"Johnson&Johnson, Moderna, Novavax, Pfizer/BioNTech",https://opendata.swiss/en/dataset/covid-19-schweiz?detGeo=FL,71958,26759,19792
Liechtenstein,2022-10-14,"Johnson&Johnson, Moderna, Novavax, Pfizer/BioNTech",https://opendata.swiss/en/dataset/covid-19-schweiz?detGeo=FL,71958,26759,19797
Liechtenstein,2022-10-15,"Johnson&Johnson, Moderna, Novavax, Pfizer/BioNTech",https://opendata.swiss/en/dataset/covid-19-schweiz?detGeo=FL,71958,26759,19799
Liechtenstein,2022-10-17,"Johnson&Johnson, Moderna, Novavax, Pfizer/BioNTech",https://opendata.swiss/en/dataset/covid-19-schweiz?detGeo=FL,72195,26759,20032
Liechtenstein,2022-10-18,"Johnson&Johnson, Moderna, Novavax, Pfizer/BioNTech",https://opendata.swiss/en/dataset/covid-19-schweiz?detGeo=FL,72195,26759,20035
Liechtenstein,2022-10-20,"Johnson&Johnson, Moderna, Novavax, Pfizer/BioNTech",https://opendata.swiss/en/dataset/covid-19-schweiz?detGeo=FL,72425,26760,20256
Liechtenstein,2022-10-21,"Johnson&Johnson, Moderna, Novavax, Pfizer/BioNTech",https://opendata.swiss/en/dataset/covid-19-schweiz?detGeo=FL,72425,26761,20257
Liechtenstein,2022-10-22,"Johnson&Johnson, Moderna, Novavax, Pfizer/BioNTech",https://opendata.swiss/en/dataset/covid-19-schweiz?detGeo=FL,72425,26761,20258
Liechtenstein,2022-10-24,"Johnson&Johnson, Moderna, Novavax, Pfizer/BioNTech",https://opendata.swiss/en/dataset/covid-19-schweiz?detGeo=FL,72652,26761,20477
Liechtenstein,2022-10-25,"Johnson&Johnson, Moderna, Novavax, Pfizer/BioNTech",https://opendata.swiss/en/dataset/covid-19-schweiz?detGeo=FL,72652,26761,20485
Liechtenstein,2022-10-27,"Johnson&Johnson, Moderna, Novavax, Pfizer/BioNTech",https://opendata.swiss/en/dataset/covid-19-schweiz?detGeo=FL,72910,26761,20737
Liechtenstein,2022-10-28,"Johnson&Johnson, Moderna, Novavax, Pfizer/BioNTech",https://opendata.swiss/en/dataset/covid-19-schweiz?detGeo=FL,72910,26761,20739
Liechtenstein,2022-10-29,"Johnson&Johnson, Moderna, Novavax, Pfizer/BioNTech",https://opendata.swiss/en/dataset/covid-19-schweiz?detGeo=FL,72910,26761,20741
Liechtenstein,2022-10-31,"Johnson&Johnson, Moderna, Novavax, Pfizer/BioNTech",https://opendata.swiss/en/dataset/covid-19-schweiz?detGeo=FL,72910,26761,20745
Liechtenstein,2022-11-02,"Johnson&Johnson, Moderna, Novavax, Pfizer/BioNTech",https://opendata.swiss/en/dataset/covid-19-schweiz?detGeo=FL,72910,26761,20747
Liechtenstein,2022-11-03,"Johnson&Johnson, Moderna, Novavax, Pfizer/BioNTech",https://opendata.swiss/en/dataset/covid-19-schweiz?detGeo=FL,73030,26761,20867
Liechtenstein,2022-11-04,"Johnson&Johnson, Moderna, Novavax, Pfizer/BioNTech",https://opendata.swiss/en/dataset/covid-19-schweiz?detGeo=FL,73030,26761,20874
Liechtenstein,2022-11-05,"Johnson&Johnson, Moderna, Novavax, Pfizer/BioNTech",https://opendata.swiss/en/dataset/covid-19-schweiz?detGeo=FL,73030,26761,20876
Liechtenstein,2022-11-07,"Johnson&Johnson, Moderna, Novavax, Pfizer/BioNTech",https://opendata.swiss/en/dataset/covid-19-schweiz?detGeo=FL,73099,26761,20943
Liechtenstein,2022-11-09,"Johnson&Johnson, Moderna, Novavax, Pfizer/BioNTech",https://opendata.swiss/en/dataset/covid-19-schweiz?detGeo=FL,73099,26761,20944
Liechtenstein,2022-11-10,"Johnson&Johnson, Moderna, Novavax, Pfizer/BioNTech",https://opendata.swiss/en/dataset/covid-19-schweiz?detGeo=FL,73331,26762,21167
Liechtenstein,2022-11-11,"Johnson&Johnson, Moderna, Novavax, Pfizer/BioNTech",https://opendata.swiss/en/dataset/covid-19-schweiz?detGeo=FL,73331,26762,21169
Liechtenstein,2022-11-14,"Johnson&Johnson, Moderna, Novavax, Pfizer/BioNTech",https://opendata.swiss/en/dataset/covid-19-schweiz?detGeo=FL,73331,26762,21170
Liechtenstein,2022-11-16,"Johnson&Johnson, Moderna, Novavax, Pfizer/BioNTech",https://opendata.swiss/en/dataset/covid-19-schweiz?detGeo=FL,73331,26762,21171
Liechtenstein,2022-11-17,"Johnson&Johnson, Moderna, Novavax, Pfizer/BioNTech",https://opendata.swiss/en/dataset/covid-19-schweiz?detGeo=FL,73594,26762,21427
Liechtenstein,2022-11-18,"Johnson&Johnson, Moderna, Novavax, Pfizer/BioNTech",https://opendata.swiss/en/dataset/covid-19-schweiz?detGeo=FL,73594,26762,21430
Liechtenstein,2022-11-23,"Johnson&Johnson, Moderna, Novavax, Pfizer/BioNTech",https://opendata.swiss/en/dataset/covid-19-schweiz?detGeo=FL,73594,26762,21431
Liechtenstein,2022-11-24,"Johnson&Johnson, Moderna, Novavax, Pfizer/BioNTech",https://opendata.swiss/en/dataset/covid-19-schweiz?detGeo=FL,73801,26763,21632
Liechtenstein,2022-12-01,"Johnson&Johnson, Moderna, Novavax, Pfizer/BioNTech",https://opendata.swiss/en/dataset/covid-19-schweiz?detGeo=FL,73919,26763,21738
Liechtenstein,2022-12-02,"Johnson&Johnson, Moderna, Novavax, Pfizer/BioNTech",https://opendata.swiss/en/dataset/covid-19-schweiz?detGeo=FL,73919,26763,21739
Liechtenstein,2022-12-06,"Johnson&Johnson, Moderna, Novavax, Pfizer/BioNTech",https://opendata.swiss/en/dataset/covid-19-schweiz?detGeo=FL,73919,26763,21740
Liechtenstein,2022-12-07,"Johnson&Johnson, Moderna, Novavax, Pfizer/BioNTech",https://opendata.swiss/en/dataset/covid-19-schweiz?detGeo=FL,73919,26763,21741
Liechtenstein,2022-12-08,"Johnson&Johnson, Moderna, Novavax, Pfizer/BioNTech",https://opendata.swiss/en/dataset/covid-19-schweiz?detGeo=FL,73919,26763,21742
Liechtenstein,2022-12-09,"Johnson&Johnson, Moderna, Novavax, Pfizer/BioNTech",https://opendata.swiss/en/dataset/covid-19-schweiz?detGeo=FL,73919,26763,21744
Liechtenstein,2022-12-12,"Johnson&Johnson, Moderna, Novavax, Pfizer/BioNTech",https://opendata.swiss/en/dataset/covid-19-schweiz?detGeo=FL,73919,26763,21745
Liechtenstein,2022-12-13,"Johnson&Johnson, Moderna, Novavax, Pfizer/BioNTech",https://opendata.swiss/en/dataset/covid-19-schweiz?detGeo=FL,73947,26763,21759
Liechtenstein,2022-12-14,"Johnson&Johnson, Moderna, Novavax, Pfizer/BioNTech",https://opendata.swiss/en/dataset/covid-19-schweiz?detGeo=FL,73990,26763,21777
Liechtenstein,2022-12-15,"Johnson&Johnson, Moderna, Novavax, Pfizer/BioNTech",https://opendata.swiss/en/dataset/covid-19-schweiz?detGeo=FL,74100,26763,21880
Liechtenstein,2022-12-16,"Johnson&Johnson, Moderna, Novavax, Pfizer/BioNTech",https://opendata.swiss/en/dataset/covid-19-schweiz?detGeo=FL,74154,26763,21920
Liechtenstein,2022-12-19,"Johnson&Johnson, Moderna, Novavax, Pfizer/BioNTech",https://opendata.swiss/en/dataset/covid-19-schweiz?detGeo=FL,74154,26763,21922
Liechtenstein,2022-12-23,"Johnson&Johnson, Moderna, Novavax, Pfizer/BioNTech",https://opendata.swiss/en/dataset/covid-19-schweiz?detGeo=FL,74154,26763,21925
Liechtenstein,2023-01-12,"Johnson&Johnson, Moderna, Novavax, Pfizer/BioNTech",https://opendata.swiss/en/dataset/covid-19-schweiz?detGeo=FL,74246,26763,22017
Liechtenstein,2023-01-26,"Johnson&Johnson, Moderna, Novavax, Pfizer/BioNTech",https://opendata.swiss/en/dataset/covid-19-schweiz?detGeo=FL,74275,26765,22043
Liechtenstein,2023-02-09,"Johnson&Johnson, Moderna, Novavax, Pfizer/BioNTech",https://opendata.swiss/en/dataset/covid-19-schweiz?detGeo=FL,74288,26765,22054
Liechtenstein,2023-02-23,"Johnson&Johnson, Moderna, Novavax, Pfizer/BioNTech",https://opendata.swiss/en/dataset/covid-19-schweiz?detGeo=FL,74304,26766,22068
Liechtenstein,2023-02-27,"Johnson&Johnson, Moderna, Novavax, Pfizer/BioNTech",https://opendata.swiss/en/dataset/covid-19-schweiz?detGeo=FL,74304,26767,22068
Liechtenstein,2023-03-09,"Johnson&Johnson, Moderna, Novavax, Pfizer/BioNTech",https://opendata.swiss/en/dataset/covid-19-schweiz?detGeo=FL,74311,26768,22073
Liechtenstein,2023-03-23,"Johnson&Johnson, Moderna, Novavax, Pfizer/BioNTech",https://opendata.swiss/en/dataset/covid-19-schweiz?detGeo=FL,74311,26769,22073
Liechtenstein,2023-04-05,"Johnson&Johnson, Moderna, Novavax, Pfizer/BioNTech",https://opendata.swiss/en/dataset/covid-19-schweiz?detGeo=FL,74323,26771,22081
Liechtenstein,2023-05-03,"Johnson&Johnson, Moderna, Novavax, Pfizer/BioNTech",https://opendata.swiss/en/dataset/covid-19-schweiz?detGeo=FL,74330,26771,22083
Liechtenstein,2023-06-07,"Johnson&Johnson, Moderna, Novavax, Pfizer/BioNTech",https://opendata.swiss/en/dataset/covid-19-schweiz?detGeo=FL,74337,26771,22087
